Position;Signal;;This table shows all sites favoring T1 from the concatenation
5267;3,3702;;Total number of sites favoring T1: 5847
4160;3,2364;;
3013;2,888;;Run 1: Removing 5%
5492;2,7603;;5% of total number of sites favoring T1: 292 
6984;2,6529;;included in 5% 
3574;2,2844;;
4088;2,2254;;
8831;2,1166;;Run 2: Removing 1%
5340;2,1164;;Removing sites with signal > 0,5
2184;2,1008;;Number sites above 0,5: 57
1833;2,0533;;% removed sites: 0,097 % (0,00974)
8145;1,9157;;
6105;1,7929;;Run 3: Removing 0.5%
8294;1,7313;;Removing 0,5% of all sites (0,005)
5376;1,6248;;Removing half of the sites having signal > 0.5
3697;1,6232;;Total sites removed: 29
4996;1,606;;
8611;1,5633;;Run 4: Removing 0.25%
21;1,5078;;Removing 0,25% of all sites favoring T1 (0,0025)
8575;1,5014;;Total sites removed: 15
2861;1,4769;;
7446;1,3394;;Run 5: Removing 0.1%
2762;1,2387;;Removing 0,1% of all sites favoring T1 (0,001)
6924;1,1852;;Total sites removed: 5
443;1,1489;;
7436;1,1275;;
5330;1,0632;;
3206;0,8911;;
5094;0,8297;;
1774;0,8188;;
6877;0,7805;;
2365;0,7724;;
8170;0,7655;;
1773;0,7523;;
5930;0,7469;;
5276;0,7428;;
3775;0,7276;;
4888;0,7218;;
7022;0,7042;;
4706;0,6948;;
3723;0,6616;;
3784;0,6422;;
5189;0,637;;
8222;0,6122;;
2157;0,6055;;
5162;0,5927;;
8761;0,5881;;
4855;0,5813;;
3117;0,5807;;
8310;0,562;;
50;0,5594;;
7032;0,5547;;
9078;0,5492;;
9199;0,5233;;
4803;0,5208;;
1555;0,5103;;
3973;0,5025;;
4810;0,4988;;
5280;0,4643;;
1586;0,464;;
7374;0,4564;;
8287;0,4376;;
4728;0,4265;;
1562;0,418;;
4719;0,4156;;
351;0,4124;;
2494;0,4097;;
2072;0,4045;;
1855;0,4026;;
7274;0,402;;
4809;0,3662;;
8479;0,3629;;
1772;0,3628;;
8228;0,3627;;
4594;0,3492;;
9500;0,3431;;
5173;0,3383;;
5120;0,3357;;
4801;0,3274;;
4556;0,3256;;
3288;0,3218;;
4899;0,3182;;
5187;0,3125;;
1733;0,3093;;
5785;0,3082;;
4510;0,3001;;
6798;0,2876;;
4159;0,2864;;
7525;0,2861;;
5153;0,2785;;
5209;0,2785;;
6983;0,2708;;
9326;0,2683;;
5116;0,267;;
5375;0,2652;;
5382;0,2633;;
176;0,263;;
5414;0,2618;;
1812;0,2615;;
8353;0,2576;;
3976;0,2537;;
4149;0,244;;
8083;0,2415;;
341;0,2322;;
4708;0,2272;;
4802;0,2248;;
5370;0,2212;;
5456;0,2206;;
8279;0,2202;;
6305;0,219;;
2315;0,2178;;
4327;0,217;;
6586;0,217;;
6804;0,2143;;
1457;0,2112;;
5074;0,2105;;
8203;0,2105;;
6976;0,2018;;
4079;0,2017;;
3957;0,1982;;
180;0,1971;;
5532;0,1967;;
3965;0,1956;;
5115;0,1946;;
3953;0,1925;;
2419;0,1902;;
2299;0,1896;;
8131;0,1889;;
4043;0,185;;
8816;0,1827;;
2413;0,1817;;
5193;0,1808;;
4612;0,179;;
2143;0,1787;;
5534;0,1752;;
4821;0,1751;;
5185;0,1727;;
8233;0,1722;;
4841;0,1717;;
8486;0,167;;
6300;0,1616;;
7569;0,161;;
3711;0,1609;;
9405;0,1547;;
1180;0,1537;;
705;0,1532;;
1886;0,1525;;
4572;0,1525;;
8832;0,1494;;
4560;0,1434;;
8526;0,1415;;
8796;0,1415;;
4903;0,1414;;
236;0,1397;;
1598;0,1391;;
8627;0,1389;;
4089;0,1385;;
5536;0,1378;;
4607;0,1358;;
4777;0,1344;;
3779;0,1338;;
1729;0,133;;
1526;0,1317;;
7148;0,1312;;
8855;0,1299;;
1568;0,1282;;
8720;0,128;;
5052;0,1277;;
8570;0,1273;;
1998;0,1265;;
5451;0,1258;;
5099;0,1249;;
8744;0,1241;;
5160;0,1233;;
9289;0,1229;;
7708;0,1211;;
5079;0,1195;;
1943;0,1181;;
3209;0,1178;;
2628;0,1174;;
273;0,1171;;
9222;0,1165;;
3629;0,1157;;
5384;0,1157;;
8156;0,1152;;
3966;0,1136;;
5293;0,112;;
3145;0,1104;;
1858;0,1103;;
1919;0,1093;;
3761;0,1091;;
8997;0,1089;;
8302;0,108;;
4620;0,1078;;
8930;0,1069;;
4197;0,1063;;
6049;0,1048;;
7690;0,1007;;
5269;0,1001;;
3915;0,0985;;
9207;0,0985;;
6879;0,0981;;
7534;0,0974;;
4710;0,096;;
2098;0,0945;;
5226;0,0935;;
4030;0,0925;;
8291;0,0916;;
3891;0,0839;;
3690;0,083;;
9409;0,0808;;
3900;0,0805;;
3156;0,0797;;
124;0,0797;;
7311;0,0791;;
3932;0,0784;;
7561;0,0773;;
6970;0,0772;;
8718;0,0769;;
3153;0,0746;;
5065;0,0745;;
5365;0,0741;;
5060;0,0741;;
8870;0,0733;;
3712;0,0727;;
4509;0,0725;;
2444;0,0705;;
165;0,069;;
1339;0,0683;;
381;0,0665;;
5061;0,0647;;
2205;0,0644;;
5399;0,0637;;
9474;0,0635;;
185;0,0631;;
4361;0,0627;;
1914;0,0622;;
1768;0,0619;;
5129;0,0603;;
6777;0,0603;;
7264;0,0598;;
4355;0,0594;;
9410;0,0591;;
6181;0,0585;;
7348;0,0551;;
1847;0,0543;;
5108;0,0539;;
1853;0,0527;;
7456;0,0519;;
8098;0,0516;;
8278;0,0512;;
3928;0,0499;;
2597;0,0497;;
4066;0,0496;;
5266;0,0489;;
5051;0,0486;;
5428;0,0483;;
5548;0,0483;;
8875;0,0474;;
3728;0,0471;;
279;0,0467;;
3940;0,0455;;
5378;0,0444;;
5101;0,0441;;
9444;0,0433;;
2924;0,0421;;
5200;0,0414;;
3830;0,0411;;
7047;0,0411;;
4412;0,0399;;
5386;0,0386;;
2068;0,0377;;
5178;0,0366;;
8140;0,0363;;
8553;0,0358;;
3970;0,0355;;
1571;0,0354;;
1797;0,0352;;
3977;0,0328;;
5068;0,032;;
4503;0,0313;;
461;0,0285;;
3929;0,0284;;
3955;0,0276;;
5140;0,0275;;
7043;0,0275;;
6911;0,0273;;
3673;0,0271;;
2065;0,0268;;
6361;0,0265;;
1805;0,0251;;
5188;0,0251;5%;
4892;0,025;;
5894;0,025;;
3236;0,0247;;
922;0,0239;;
4770;0,0231;;
3943;0,0226;;
6603;0,0223;;
1604;0,022;;
3931;0,0219;;
4515;0,0218;;
4538;0,0217;;
6150;0,0214;;
418;0,0211;;
5469;0,021;;
1145;0,0209;;
4907;0,0208;;
4023;0,0203;;
9123;0,02;;
7671;0,0199;;
8764;0,0199;;
3676;0,0197;;
5198;0,0193;;
1471;0,0192;;
5262;0,019;;
5320;0,0187;;
8160;0,0187;;
3213;0,0187;;
3180;0,0184;;
4025;0,0184;;
5109;0,0182;;
3889;0,0181;;
9031;0,0181;;
4204;0,0179;;
5535;0,0179;;
6435;0,0179;;
5285;0,0177;;
3831;0,0174;;
3645;0,0169;;
4796;0,0169;;
6938;0,0168;;
3747;0,0165;;
4302;0,0165;;
4033;0,0163;;
70;0,0161;;
8128;0,0155;;
3954;0,0154;;
8094;0,0154;;
7138;0,0153;;
5119;0,0148;;
3802;0,0148;;
6326;0,0148;;
9507;0,0143;;
1731;0,0143;;
4838;0,0143;;
9015;0,0142;;
7425;0,0141;;
534;0,0137;;
2220;0,0137;;
4543;0,0136;;
7454;0,0135;;
9605;0,0135;;
4104;0,0134;;
8103;0,0133;;
1162;0,0133;;
9219;0,0131;;
3821;0,01308;;
8012;0,013;;
932;0,0129;;
3024;0,0128;;
7546;0,0128;;
3818;0,01276;;
6845;0,0127;;
4368;0,0126;;
7035;0,0126;;
2228;0,0125;;
4613;0,0125;;
4947;0,0125;;
4522;0,0124;;
7233;0,0123;;
2282;0,0122;;
3178;0,0122;;
7161;0,0122;;
9292;0,0122;;
4554;0,0121;;
7351;0,0121;;
5395;0,012;;
5514;0,012;;
8777;0,0119;;
4186;0,0119;;
3202;0,0119;;
7272;0,0118;;
4926;0,0117;;
3116;0,0117;;
4271;0,0117;;
6571;0,0116;;
7698;0,0116;;
5184;0,0116;;
1727;0,0115;;
277;0,0114;;
7462;0,0113;;
4158;0,0113;;
9495;0,0112;;
3870;0,0111;;
1757;0,0111;;
4082;0,0111;;
4150;0,01094;;
836;0,01093;;
7205;0,0109;;
6922;0,0109;;
7141;0,0109;;
8880;0,0108;;
2156;0,0108;;
4370;0,0108;;
6017;0,0107;;
6963;0,0107;;
9138;0,0107;;
7411;0,01067;;
7414;0,01067;;
4125;0,01066;;
7404;0,01066;;
3340;0,01064;;
1769;0,0106;;
7437;0,0106;;
8162;0,0106;;
9478;0,0106;;
7408;0,0106;;
6372;0,0105;;
7273;0,0105;;
8850;0,0105;;
6633;0,0105;;
7296;0,01041;;
7297;0,01041;;
7179;0,0104;;
8221;0,0104;;
1470;0,0104;;
3868;0,0104;;
1454;0,0104;;
3937;0,0104;;
6916;0,01033;;
3880;0,01032;;
75;0,0103;;
3120;0,0103;;
6334;0,0103;;
7383;0,0103;;
8865;0,0103;;
9240;0,0103;;
9603;0,0103;;
9093;0,0103;;
4380;0,01025;;
1851;0,0102;;
6941;0,0102;;
7229;0,0102;;
4207;0,0102;;
8716;0,01016;;
8889;0,01016;;
8866;0,01013;;
4673;0,01012;;
2125;0,0101;;
7455;0,0101;;
7413;0,0101;;
8895;0,0101;;
9147;0,01007;;
4615;0,01;;
4653;0,01;;
1185;0,01;;
3149;0,01;;
6964;0,01;;
7307;0,01;;
3059;0,00992;;
4690;0,0099;;
7300;0,0099;;
6749;0,00983;;
4970;0,0098;;
9125;0,0098;;
6224;0,0097;;
7108;0,0097;;
332;0,0097;;
4971;0,0097;;
6654;0,0097;;
3963;0,00963;;
4369;0,0096;;
2;0,0096;;
1144;0,0096;;
4047;0,00954;;
1469;0,0095;;
3918;0,0095;;
4021;0,0095;;
8065;0,0095;;
2331;0,0095;;
1977;0,0094;;
7571;0,0094;;
2341;0,0094;;
2417;0,0094;;
2306;0,0093;;
4035;0,0093;;
7496;0,0093;;
6895;0,0092;;
71;0,0092;;
7567;0,0092;;
7518;0,00912;;
238;0,0091;;
3603;0,0091;;
5674;0,0091;;
6343;0,0091;;
6455;0,0091;;
7303;0,0091;;
8473;0,0091;;
4032;0,009;;
7471;0,009;;
7677;0,009;;
7559;0,00896;;
1600;0,0089;;
6821;0,0089;;
7036;0,0089;;
7223;0,0089;;
8014;0,0089;;
4281;0,0088;;
3227;0,0088;;
7079;0,0088;;
1752;0,0088;;
6544;0,0088;;
7282;0,0087;;
9296;0,0087;;
3720;0,0087;;
2070;0,0087;;
115;0,0086;;
4130;0,0086;;
8976;0,0086;;
3512;0,0086;;
2591;0,0085;;
2828;0,0085;;
4034;0,0085;;
4657;0,0085;;
7431;0,0085;;
3704;0,0085;;
7266;0,0085;;
8681;0,0085;;
9029;0,0085;;
9325;0,0085;;
5069;0,0085;;
6209;0,0085;;
6348;0,0085;;
3611;0,0084;;
9194;0,0084;;
9371;0,0084;;
4;0,0084;;
2130;0,0084;;
2885;0,0084;;
7187;0,0084;;
4138;0,0084;;
7701;0,0084;;
7464;0,0083;;
9061;0,0083;;
2927;0,0083;;
4578;0,0083;;
9262;0,0083;;
276;0,0083;;
4630;0,0083;;
521;0,0082;;
1910;0,0082;;
8881;0,0082;;
1753;0,0082;;
6873;0,0082;;
4469;0,00818;;
7397;0,00814;;
2280;0,0081;;
3483;0,0081;;
5667;0,0081;;
509;0,0081;;
1560;0,0081;;
2580;0,0081;;
2594;0,0081;;
2643;0,0081;;
3183;0,0081;;
4132;0,0081;;
7667;0,0081;;
3956;0,008;;
7468;0,008;;
1870;0,008;;
5698;0,008;;
8176;0,008;;
3685;0,008;;
3898;0,008;;
7014;0,008;;
8236;0,008;;
4564;0,00796;;
9021;0,00792;;
6225;0,0079;;
9132;0,0079;;
6335;0,0079;;
7240;0,0079;;
8348;0,0079;;
6626;0,00786;;
6805;0,00786;;
2925;0,0078;;
3010;0,0078;;
1744;0,0078;;
1857;0,0078;;
4558;0,0078;;
8211;0,0078;;
5144;0,0078;;
1801;0,0077;;
2576;0,0077;;
3638;0,0077;;
5207;0,0077;;
6233;0,0077;;
7095;0,0077;;
7260;0,0077;;
7608;0,0077;;
7724;0,0077;;
8290;0,0077;;
2354;0,0076;;
2386;0,0076;;
2479;0,0076;;
5693;0,0076;;
5948;0,0076;;
8239;0,0076;;
5794;0,00757;;
1631;0,0075;;
6558;0,0075;;
6849;0,0075;;
7280;0,0075;;
7691;0,0075;;
4199;0,0075;;
3238;0,0075;;
2983;0,00749;;
247;0,00748;;
7731;0,00746;;
8245;0,00745;;
5671;0,00741;;
3485;0,0074;;
6975;0,0074;;
1934;0,0074;;
7377;0,0074;;
7483;0,0074;;
7502;0,0074;;
2131;0,00737;;
2929;0,00731;;
4965;0,0073;;
5125;0,0073;;
6340;0,0073;;
8192;0,0073;;
9329;0,0073;;
4929;0,0073;;
6117;0,0073;;
8142;0,0073;;
8746;0,0073;;
2226;0,00728;;
2592;0,0072;;
5746;0,0072;;
4124;0,0072;;
8286;0,0072;;
8407;0,00714;;
5751;0,00711;;
462;0,0071;;
5736;0,0071;;
6232;0,0071;;
225;0,0071;;
2754;0,0071;;
5271;0,0071;;
8317;0,0071;;
2627;0,0071;;
4342;0,0071;;
2292;0,00709;;
7709;0,00708;;
1968;0,00705;;
2133;0,00704;;
1923;0,007;;
3115;0,007;;
3971;0,007;;
4075;0,007;;
2843;0,007;;
6554;0,007;;
3686;0,007;;
4328;0,007;;
5907;0,007;;
6240;0,007;;
2745;0,00693;;
5678;0,00691;;
146;0,0069;;
5073;0,0069;;
3041;0,0069;;
7636;0,0069;;
8146;0,0069;;
8867;0,0069;;
2113;0,00689;;
2389;0,00689;;
1883;0,0068;;
3715;0,0068;;
5453;0,0068;;
7491;0,0068;;
5038;0,0068;;
8243;0,0068;;
394;0,0068;;
2001;0,0068;;
8756;0,0068;;
2358;0,00672;;
2392;0,00672;;
5917;0,00672;;
4068;0,0067;;
105;0,0067;;
5334;0,0067;;
1984;0,0067;;
4310;0,0067;;
8829;0,0067;;
5756;0,00666;;
2333;0,00662;;
5000;0,0066;;
5425;0,0066;;
87;0,0066;;
1941;0,0066;;
1960;0,0066;;
5700;0,0066;;
9484;0,0066;;
2335;0,00653;;
1482;0,0065;;
2211;0,0065;;
4964;0,0065;;
5130;0,0065;;
9311;0,0065;;
2259;0,0065;;
4145;0,0065;;
4561;0,0065;;
4582;0,0065;;
5339;0,0065;;
5407;0,0065;;
6158;0,0065;;
6188;0,0065;;
7072;0,0065;;
7378;0,0065;;
7697;0,0065;;
54;0,0065;;
4069;0,0065;;
5422;0,0064;;
5573;0,0064;;
1799;0,0064;;
4958;0,0064;;
5104;0,0064;;
6213;0,0064;;
8842;0,0064;;
9009;0,0064;;
3189;0,00635;;
2255;0,0063;;
3231;0,0063;;
4921;0,0063;;
4946;0,0063;;
1723;0,0063;;
2434;0,0063;;
4622;0,0063;;
5319;0,0063;;
5816;0,0063;;
6292;0,0063;;
8824;0,0063;;
9524;0,00626;;
9557;0,00621;;
7040;0,0062;;
8782;0,0062;;
3909;0,0062;;
3975;0,0062;;
4163;0,0062;;
5282;0,0062;;
6113;0,0062;;
6353;0,0062;;
6597;0,0062;;
7107;0,0062;;
7457;0,0062;;
8111;0,0062;;
8556;0,0062;;
5932;0,00614;;
9511;0,00614;;
9615;0,00611;;
129;0,0061;;
2533;0,0061;;
2590;0,0061;;
3892;0,0061;;
4610;0,0061;;
5132;0,0061;;
6004;0,0061;;
6257;0,0061;;
6259;0,0061;;
6396;0,0061;;
7463;0,0061;;
9423;0,0061;;
9596;0,00607;;
1575;0,006;;
2033;0,006;;
2648;0,006;;
3157;0,006;;
3913;0,006;;
4981;0,006;;
5133;0,006;;
5289;0,006;;
5427;0,006;;
6342;0,006;;
8100;0,006;;
8994;0,006;;
9337;0,006;;
4989;0,006;;
6154;0,006;;
2741;0,006;;
5699;0,006;;
7761;0,00592;;
2139;0,0059;;
2163;0,0059;;
2812;0,0059;;
3819;0,0059;;
3967;0,0059;;
4359;0,0059;;
4990;0,0059;;
6288;0,0059;;
6360;0,0059;;
7634;0,0059;;
8722;0,0059;;
9365;0,0059;;
5356;0,0059;;
5426;0,0059;;
6089;0,0059;;
6289;0,0059;;
4997;0,00588;;
3594;0,00585;;
6252;0,00581;;
1561;0,0058;;
3379;0,0058;;
4203;0,0058;;
5044;0,0058;;
5329;0,0058;;
5354;0,0058;;
5355;0,0058;;
6085;0,0058;;
8411;0,0058;;
2878;0,0058;;
3272;0,0058;;
4962;0,0058;;
5273;0,0058;;
6394;0,00579;;
6602;0,00578;;
4916;0,00575;;
6227;0,00572;;
6100;0,00571;;
5036;0,0057;;
5696;0,0057;;
5848;0,0057;;
6351;0,0057;;
8647;0,0057;;
2651;0,0057;;
4411;0,0057;;
5029;0,0057;;
5131;0,0057;;
6346;0,0057;;
6426;0,00569;;
9582;0,00569;;
5301;0,00568;;
4984;0,00565;;
4363;0,00564;;
6344;0,00563;;
6047;0,00562;;
3921;0,0056;;
5819;0,0056;;
6323;0,0056;;
7101;0,0056;;
7145;0,0056;;
8138;0,0056;;
9480;0,0056;;
3055;0,0056;;
3108;0,0056;;
4938;0,0056;;
6338;0,0056;;
6418;0,0056;;
9572;0,0056;;
7044;0,0056;;
7102;0,0056;;
6076;0,00559;;
5423;0,00557;;
4920;0,00556;;
6339;0,00556;;
7234;0,00556;;
9445;0,00554;;
5009;0,00553;;
5336;0,00552;;
5424;0,00552;;
6384;0,00551;;
5134;0,00551;;
2922;0,0055;;
3497;0,0055;;
5523;0,0055;;
2122;0,0055;;
2297;0,0055;;
4933;0,0055;;
5346;0,0055;;
7244;0,0055;;
4919;0,00549;;
6484;0,00548;;
2561;0,00547;;
5547;0,00547;;
6083;0,00546;;
6413;0,00546;;
9565;0,00546;;
6428;0,00545;;
9458;0,00545;;
9334;0,00542;;
8654;0,00541;;
2708;0,0054;;
5067;0,0054;;
5891;0,0054;;
6263;0,0054;;
8351;0,0054;;
107;0,0054;;
468;0,0054;;
2850;0,0054;;
3491;0,0054;;
5005;0,0054;;
5309;0,0054;;
6215;0,0054;;
6220;0,0054;;
5084;0,0054;;
6641;0,0054;;
5034;0,00538;;
5050;0,00538;;
5315;0,00538;;
5338;0,00537;;
6166;0,00536;;
5037;0,00536;;
2759;0,00535;;
4963;0,00535;;
8408;0,00534;;
8758;0,00533;;
6223;0,00531;;
6341;0,00531;;
6892;0,0053;;
7294;0,0053;;
208;0,0053;;
1479;0,0053;;
4991;0,0053;;
6111;0,0053;;
6325;0,0053;;
6422;0,0053;;
7231;0,0053;;
1671;0,0053;;
1992;0,0053;;
3589;0,0053;;
7046;0,0053;;
7050;0,0053;;
6080;0,00529;;
4949;0,00529;;
6281;0,00528;;
3016;0,00523;;
6216;0,00522;;
4995;0,00521;;
9263;0,00521;;
4144;0,0052;;
4525;0,0052;;
4967;0,0052;;
5081;0,0052;;
6037;0,0052;;
9535;0,0052;;
585;0,0052;;
4139;0,0052;;
4365;0,0052;;
5083;0,0052;;
5170;0,0052;;
6580;0,0052;;
5302;0,00519;;
5539;0,00518;;
4909;0,00518;;
4924;0,00518;;
4925;0,00514;;
4968;0,00514;;
6203;0,00512;;
8989;0,0051;;
3515;0,0051;;
5045;0,0051;;
6143;0,0051;;
7057;0,0051;;
6134;0,0051;;
6163;0,0051;;
6177;0,0051;;
6195;0,0051;;
6199;0,0051;;
6276;0,0051;;
6282;0,0051;;
4290;0,0051;;
7392;0,0051;;
9585;0,0051;;
5012;0,00505;;
5092;0,00505;;
4950;0,00504;;
3289;0,00503;;
1663;0,00502;;
5042;0,00502;;
420;0,005;;
5483;0,005;;
7096;0,005;;
6444;0,005;;
5091;0,005;;
4258;0,005;;
4316;0,005;;
4681;0,005;;
5401;0,005;;
5668;0,005;;
6001;0,005;;
6427;0,005;;
7261;0,005;;
7370;0,005;;
5297;0,00499;;
6424;0,00499;;
5305;0,00496;;
4910;0,00495;;
5408;0,00492;;
5447;0,0049;;
2978;0,0049;;
3980;0,0049;;
3981;0,0049;;
6137;0,0049;;
6274;0,0049;;
7144;0,0049;;
294;0,0049;;
2148;0,0049;;
3226;0,0049;;
4296;0,0049;;
4499;0,0049;;
4912;0,0049;;
5927;0,0049;;
6366;0,0049;;
6397;0,0049;;
6501;0,0049;;
7015;0,0049;;
7025;0,0049;;
7080;0,0049;;
8068;0,0049;;
8262;0,0049;;
8292;0,0049;;
9601;0,0049;;
543;0,0048;;
4143;0,0048;;
6773;0,0048;;
2320;0,0048;;
3212;0,0048;;
3475;0,0048;;
4260;0,0048;;
5007;0,0048;;
5460;0,0048;;
5993;0,0048;;
7265;0,0048;;
7622;0,0048;;
7665;0,0048;;
8357;0,0048;;
8500;0,0048;;
8548;0,0048;;
8841;0,0048;;
8868;0,0048;;
8882;0,0048;;
9471;0,0048;;
6151;0,00478;;
6200;0,00478;;
5027;0,00477;;
4936;0,00477;;
6364;0,00471;;
3914;0,0047;;
364;0,0047;;
1384;0,0047;;
1763;0,0047;;
2756;0,0047;;
2796;0,0047;;
2905;0,0047;;
2909;0,0047;;
3146;0,0047;;
4646;0,0047;;
4694;0,0047;;
5103;0,0047;;
6489;0,0047;;
7220;0,0047;;
8594;0,0047;;
8712;0,0047;;
9054;0,0047;;
5082;0,00467;;
4570;0,0046;;
5924;0,0046;;
467;0,0046;;
1956;0,0046;;
4743;0,0046;;
5028;0,0046;;
6868;0,0046;;
7326;0,0046;;
7396;0,0046;;
9492;0,0046;;
4262;0,0046;;
6303;0,00458;;
4699;0,00454;;
7903;0,00453;;
356;0,0045;;
411;0,0045;;
475;0,0045;;
1519;0,0045;;
1594;0,0045;;
2062;0,0045;;
2308;0,0045;;
2446;0,0045;;
2464;0,0045;;
3433;0,0045;;
4135;0,0045;;
4148;0,0045;;
4161;0,0045;;
4283;0,0045;;
5940;0,0045;;
6078;0,0045;;
6399;0,0045;;
6825;0,0045;;
6968;0,0045;;
7276;0,0045;;
8285;0,0045;;
8482;0,0045;;
8507;0,0045;;
8525;0,0045;;
9563;0,00448;;
7685;0,00443;;
4937;0,00442;;
6448;0,00441;;
1814;0,0044;;
1841;0,0044;;
2559;0,0044;;
4140;0,0044;;
4278;0,0044;;
5349;0,0044;;
7016;0,0044;;
7056;0,0044;;
8197;0,0044;;
8200;0,0044;;
8747;0,0044;;
8967;0,0044;;
3297;0,0044;;
4976;0,0044;;
6809;0,0044;;
4273;0,0044;;
2815;0,00438;;
5337;0,00437;;
1695;0,00435;;
2191;0,00435;;
2388;0,00435;;
8685;0,00435;;
8961;0,00435;;
6672;0,00431;;
345;0,0043;;
1158;0,0043;;
1645;0,0043;;
1760;0,0043;;
1767;0,0043;;
1901;0,0043;;
2429;0,0043;;
2466;0,0043;;
2562;0,0043;;
3027;0,0043;;
3538;0,0043;;
4147;0,0043;;
4516;0,0043;;
4768;0,0043;;
4939;0,0043;;
6145;0,0043;;
4096;0,0043;;
5520;0,0043;;
7587;0,0043;;
1817;0,0043;;
3444;0,0043;;
8642;0,0043;;
5229;0,00424;;
322;0,0042;;
508;0,0042;;
1156;0,0042;;
2617;0,0042;;
3143;0,0042;;
3165;0,0042;;
4458;0,0042;;
4835;0,0042;;
5587;0,0042;;
6974;0,0042;;
7128;0,0042;;
7200;0,0042;;
7393;0,0042;;
7609;0,0042;;
8926;0,0042;;
421;0,0042;;
2542;0,0042;;
4717;0,0042;;
4858;0,0042;;
8618;0,0042;;
1974;0,0042;;
2006;0,0042;;
4767;0,00418;;
6611;0,00416;;
6229;0,00415;;
7507;0,00415;;
6383;0,00415;;
5707;0,00413;;
6031;0,00413;;
4100;0,00412;;
191;0,0041;;
542;0,0041;;
3052;0,0041;;
3446;0,0041;;
5881;0,0041;;
6430;0,0041;;
7031;0,0041;;
8136;0,0041;;
1658;0,0041;;
2359;0,0041;;
4266;0,0041;;
1946;0,0041;;
2876;0,0041;;
3205;0,0041;;
7508;0,00409;;
2473;0,00408;;
7492;0,00408;;
2799;0,00407;;
4763;0,00402;;
8341;0,00401;;
272;0,004;;
454;0,004;;
1377;0,004;;
2047;0,004;;
5095;0,004;;
5298;0,004;;
5404;0,004;;
7053;0,004;;
7151;0,004;;
3247;0,004;;
4344;0,004;;
4889;0,004;;
5032;0,004;;
5984;0,004;;
6109;0,004;;
6454;0,004;;
8322;0,004;;
8337;0,004;;
161;0,004;;
2858;0,004;;
8873;0,004;;
6536;0,00395;;
6410;0,00394;;
2572;0,00393;;
6441;0,00392;;
1508;0,0039;;
7292;0,0039;;
8150;0,0039;;
9003;0,0039;;
1771;0,0039;;
2378;0,0039;;
2747;0,0039;;
2785;0,0039;;
3067;0,0039;;
3895;0,0039;;
4341;0,0039;;
5620;0,0039;;
7006;0,0039;;
7733;0,0039;;
8007;0,0039;;
9293;0,0039;;
9479;0,0039;;
1765;0,0039;;
2952;0,0039;;
9417;0,0039;;
4280;0,0039;;
4094;0,00389;;
8883;0,00388;;
682;0,00387;;
7707;0,00385;;
7606;0,00384;;
5259;0,00383;;
342;0,0038;;
2398;0,0038;;
3635;0,0038;;
7121;0,0038;;
10;0,0038;;
1739;0,0038;;
2188;0,0038;;
4090;0,0038;;
5272;0,0038;;
5911;0,0038;;
6461;0,0038;;
7627;0,0038;;
7629;0,0038;;
7688;0,0038;;
8704;0,0038;;
1153;0,0038;;
2485;0,0038;;
2579;0,0038;;
5072;0,0038;;
9058;0,0038;;
8063;0,00377;;
7937;0,00374;;
8938;0,00372;;
8947;0,00372;;
7487;0,00372;;
7921;0,00372;;
3088;0,00371;;
8333;0,00371;;
2350;0,0037;;
2660;0,0037;;
4206;0,0037;;
4760;0,0037;;
4869;0,0037;;
6494;0,0037;;
2366;0,0037;;
3274;0,0037;;
3810;0,0037;;
4092;0,0037;;
4541;0,0037;;
5154;0,0037;;
5444;0,0037;;
5634;0,0037;;
6159;0,0037;;
6265;0,0037;;
7460;0,0037;;
7542;0,0037;;
8058;0,0037;;
8172;0,0037;;
109;0,0037;;
4265;0,0037;;
4779;0,0037;;
5047;0,0037;;
7134;0,0037;;
8255;0,0037;;
5686;0,00368;;
5825;0,00368;;
4289;0,00368;;
4722;0,00368;;
5255;0,00368;;
5801;0,00367;;
7935;0,00367;;
7975;0,00367;;
8672;0,00367;;
4097;0,00366;;
4246;0,00366;;
5705;0,00366;;
5253;0,00366;;
8265;0,00366;;
2809;0,00365;;
8031;0,00365;;
2293;0,00364;;
7520;0,00364;;
7949;0,00364;;
8;0,00364;;
8042;0,00363;;
8193;0,00363;;
5217;0,00362;;
5242;0,00362;;
5585;0,00362;;
8234;0,00361;;
8325;0,00361;;
7633;0,00361;;
7790;0,00361;;
5054;0,0036;;
5087;0,0036;;
7132;0,0036;;
976;0,0036;;
1721;0,0036;;
2409;0,0036;;
2486;0,0036;;
4091;0,0036;;
6063;0,0036;;
6286;0,0036;;
7008;0,0036;;
7172;0,0036;;
7894;0,0036;;
7941;0,0036;;
8015;0,0036;;
8223;0,0036;;
8329;0,0036;;
8491;0,0036;;
162;0,0036;;
1372;0,0036;;
1523;0,0036;;
2431;0,0036;;
2903;0,0036;;
4048;0,0036;;
4183;0,0036;;
4191;0,0036;;
4313;0,0036;;
5353;0,0036;;
5406;0,0036;;
8821;0,0036;;
9497;0,0036;;
3093;0,00358;;
4210;0,00358;;
8113;0,00358;;
8106;0,00358;;
275;0,00358;;
855;0,00358;;
1280;0,00358;;
2543;0,00358;;
2825;0,00358;;
5518;0,00358;;
7481;0,00358;;
1450;0,00357;;
3069;0,00357;;
4985;0,00357;;
7631;0,00357;;
8020;0,00357;;
8320;0,00357;;
6266;0,00357;;
6019;0,00356;;
8752;0,00356;;
5968;0,00356;;
871;0,00356;;
6310;0,00356;;
4318;0,00355;;
4323;0,00355;;
6068;0,00355;;
6121;0,00355;;
1642;0,00355;;
8191;0,00355;;
1637;0,00355;;
7649;0,00355;;
4217;0,00354;;
2208;0,00354;;
6060;0,00354;;
7920;0,00354;;
2961;0,00353;;
7290;0,00353;;
6330;0,00353;;
7908;0,00353;;
8496;0,00353;;
2958;0,00353;;
8908;0,00353;;
17;0,00352;;
2604;0,00352;;
4214;0,00352;;
6179;0,00352;;
6538;0,00352;;
6579;0,00352;;
8019;0,00352;;
8182;0,00352;;
6064;0,00352;;
4972;0,00351;;
6155;0,00351;;
6355;0,00351;;
6362;0,00351;;
7269;0,0035;;
8359;0,0035;;
8759;0,0035;;
11;0,0035;;
104;0,0035;;
184;0,0035;;
2511;0,0035;;
4309;0,0035;;
4847;0,0035;;
5352;0,0035;;
5449;0,0035;;
6345;0,0035;;
7433;0,0035;;
7628;0,0035;;
8180;0,0035;;
8198;0,0035;;
8861;0,0035;;
4112;0,0035;;
9004;0,0035;;
1;0,0035;;
20;0,0035;;
331;0,0035;;
382;0,0035;;
392;0,0035;;
1567;0,0035;;
1660;0,0035;;
1779;0,0035;;
1997;0,0035;;
2637;0,0035;;
2701;0,0035;;
3022;0,0035;;
4303;0,0035;;
6439;0,0035;;
6906;0,0035;;
9441;0,0035;;
9571;0,0035;;
8951;0,00349;;
2247;0,00348;;
3018;0,00348;;
5053;0,00348;;
5059;0,00348;;
7751;0,00348;;
2827;0,00348;;
6206;0,00348;;
3134;0,00347;;
6055;0,00347;;
6127;0,00347;;
6140;0,00347;;
6162;0,00347;;
6549;0,00347;;
8181;0,00347;;
8305;0,00347;;
5962;0,00347;;
3;0,00346;;
1322;0,00346;;
3083;0,00346;;
6440;0,00346;;
6690;0,00346;;
6097;0,00346;;
6196;0,00346;;
6459;0,00346;;
6647;0,00346;;
6393;0,00345;;
8340;0,00345;;
2043;0,00345;;
3593;0,00345;;
6589;0,00345;;
1553;0,00345;;
5284;0,00345;;
5835;0,00344;;
8013;0,00344;;
254;0,00343;;
4024;0,00343;;
7291;0,00343;;
7898;0,00343;;
2334;0,00343;;
2377;0,00343;;
4513;0,00343;;
7;0,00342;;
8178;0,00342;;
8282;0,00342;;
1815;0,00341;;
6759;0,00341;;
3636;0,00341;;
6273;0,00341;;
502;0,0034;;
3552;0,0034;;
4519;0,0034;;
5769;0,0034;;
6133;0,0034;;
7130;0,0034;;
1740;0,0034;;
3250;0,0034;;
3537;0,0034;;
4058;0,0034;;
4063;0,0034;;
4306;0,0034;;
5113;0,0034;;
6040;0,0034;;
8153;0,0034;;
8289;0,0034;;
8564;0,0034;;
8749;0,0034;;
4335;0,0034;;
5834;0,0034;;
8266;0,0034;;
207;0,0034;;
284;0,0034;;
1780;0,0034;;
2411;0,0034;;
2445;0,0034;;
2991;0,0034;;
3141;0,0034;;
5412;0,0034;;
6363;0,0034;;
6567;0,0034;;
6931;0,0034;;
7147;0,0034;;
7232;0,0034;;
8109;0,0034;;
8116;0,0034;;
8847;0,0034;;
8971;0,0034;;
6074;0,00339;;
3092;0,00338;;
2535;0,00338;;
6722;0,00338;;
7198;0,00338;;
9162;0,00338;;
9223;0,00338;;
2500;0,00337;;
6160;0,00337;;
1754;0,00336;;
7910;0,00336;;
4213;0,00336;;
6593;0,00335;;
8175;0,00335;;
8268;0,00335;;
9573;0,00334;;
3293;0,00334;;
3681;0,00334;;
8061;0,00334;;
9593;0,00333;;
3959;0,00333;;
7213;0,00333;;
7635;0,00333;;
8069;0,00333;;
8149;0,00333;;
8695;0,00333;;
2234;0,00332;;
6108;0,00332;;
6246;0,00332;;
3068;0,00332;;
3034;0,00331;;
4015;0,00331;;
252;0,0033;;
1573;0,0033;;
2636;0,0033;;
320;0,0033;;
374;0,0033;;
2272;0,0033;;
2338;0,0033;;
2607;0,0033;;
3455;0,0033;;
3470;0,0033;;
4054;0,0033;;
4871;0,0033;;
5662;0,0033;;
6178;0,0033;;
6474;0,0033;;
6478;0,0033;;
6510;0,0033;;
8808;0,0033;;
5166;0,0033;;
5228;0,0033;;
1613;0,0033;;
2601;0,0033;;
2896;0,0033;;
4062;0,0033;;
4137;0,0033;;
4247;0,0033;;
4292;0,0033;;
5210;0,0033;;
6648;0,0033;;
8057;0,0033;;
8220;0,0033;;
8232;0,0033;;
9291;0,0033;;
9493;0,0033;;
8347;0,00329;;
7092;0,00329;;
4185;0,00329;;
4243;0,00329;;
5218;0,00329;;
7726;0,00328;;
5040;0,00328;;
6456;0,00328;;
5680;0,00327;;
3877;0,00327;;
4998;0,00326;;
5908;0,00326;;
7700;0,00326;;
7699;0,00326;;
2102;0,00325;;
5871;0,00325;;
3522;0,00325;;
545;0,00325;;
2923;0,00325;;
3486;0,00325;;
6056;0,00324;;
2273;0,00323;;
2565;0,00323;;
3606;0,00323;;
4381;0,00323;;
4804;0,00323;;
4911;0,00323;;
6693;0,00323;;
8074;0,00322;;
4291;0,00322;;
4307;0,00322;;
4333;0,00322;;
4349;0,00322;;
6098;0,00321;;
2891;0,00321;;
3114;0,00321;;
4508;0,00321;;
5374;0,00321;;
6856;0,0032;;
8543;0,0032;;
9116;0,0032;;
352;0,0032;;
380;0,0032;;
1593;0,0032;;
1866;0,0032;;
2348;0,0032;;
2887;0,0032;;
3437;0,0032;;
3462;0,0032;;
4285;0,0032;;
4695;0,0032;;
5896;0,0032;;
6469;0,0032;;
8569;0,0032;;
8800;0,0032;;
326;0,0032;;
346;0,0032;;
378;0,0032;;
516;0,0032;;
527;0,0032;;
532;0,0032;;
1712;0,0032;;
2173;0,0032;;
2321;0,0032;;
2364;0,0032;;
2658;0,0032;;
2700;0,0032;;
2852;0,0032;;
2864;0,0032;;
2877;0,0032;;
2890;0,0032;;
2892;0,0032;;
2893;0,0032;;
2894;0,0032;;
2900;0,0032;;
2906;0,0032;;
3021;0,0032;;
3104;0,0032;;
3299;0,0032;;
3356;0,0032;;
3421;0,0032;;
3423;0,0032;;
3425;0,0032;;
3429;0,0032;;
3454;0,0032;;
3466;0,0032;;
3484;0,0032;;
3489;0,0032;;
3525;0,0032;;
4261;0,0032;;
4276;0,0032;;
4322;0,0032;;
4566;0,0032;;
4631;0,0032;;
5875;0,0032;;
5892;0,0032;;
6226;0,0032;;
6316;0,0032;;
6358;0,0032;;
6466;0,0032;;
6470;0,0032;;
6485;0,0032;;
6488;0,0032;;
6511;0,0032;;
7052;0,0032;;
7385;0,0032;;
7466;0,0032;;
8157;0,0032;;
8283;0,0032;;
8505;0,0032;;
8643;0,0032;;
8783;0,0032;;
9018;0,0032;;
3442;0,0032;;
6189;0,0032;;
2886;0,00319;;
2895;0,00319;;
8247;0,00319;;
3487;0,00319;;
6477;0,00319;;
7164;0,00319;;
2836;0,00319;;
6228;0,00319;;
2323;0,00318;;
3452;0,00318;;
3463;0,00318;;
7171;0,00318;;
7696;0,00318;;
9163;0,00318;;
9098;0,00318;;
3443;0,00318;;
8793;0,00318;;
8177;0,00317;;
8250;0,00317;;
8032;0,00317;;
8277;0,00317;;
9244;0,00317;;
6490;0,00316;;
3017;0,00316;;
3962;0,00316;;
7979;0,00316;;
2904;0,00315;;
4108;0,00315;;
3048;0,00314;;
4951;0,00314;;
3815;0,00314;;
4764;0,00314;;
5765;0,00314;;
2949;0,00314;;
6816;0,00313;;
204;0,00312;;
4880;0,00312;;
4350;0,00311;;
5922;0,00311;;
6287;0,00311;;
7209;0,00311;;
339;0,0031;;
3471;0,0031;;
3477;0,0031;;
8194;0,0031;;
8509;0,0031;;
39;0,0031;;
57;0,0031;;
59;0,0031;;
324;0,0031;;
327;0,0031;;
772;0,0031;;
1181;0,0031;;
1316;0,0031;;
1406;0,0031;;
1455;0,0031;;
1619;0,0031;;
1759;0,0031;;
1935;0,0031;;
2342;0,0031;;
2477;0,0031;;
2527;0,0031;;
2862;0,0031;;
2870;0,0031;;
2872;0,0031;;
2881;0,0031;;
2882;0,0031;;
2902;0,0031;;
2993;0,0031;;
3099;0,0031;;
3414;0,0031;;
3417;0,0031;;
3419;0,0031;;
3422;0,0031;;
3456;0,0031;;
3459;0,0031;;
3461;0,0031;;
3472;0,0031;;
3479;0,0031;;
3481;0,0031;;
3546;0,0031;;
3884;0,0031;;
3958;0,0031;;
4279;0,0031;;
4321;0,0031;;
5219;0,0031;;
5344;0,0031;;
5882;0,0031;;
5888;0,0031;;
5893;0,0031;;
6481;0,0031;;
6498;0,0031;;
6507;0,0031;;
7037;0,0031;;
7131;0,0031;;
8110;0,0031;;
8326;0,0031;;
8384;0,0031;;
8455;0,0031;;
8918;0,0031;;
9051;0,0031;;
2697;0,0031;;
7169;0,0031;;
4010;0,00309;;
5773;0,00309;;
2027;0,00308;;
2050;0,00308;;
2204;0,00308;;
6509;0,00308;;
2055;0,00308;;
2402;0,00308;;
6419;0,00307;;
6421;0,00307;;
8018;0,00307;;
7582;0,00307;;
8433;0,00307;;
6723;0,00306;;
2874;0,00306;;
3947;0,00306;;
788;0,00305;;
3838;0,00305;;
4267;0,00305;;
9238;0,00304;;
7204;0,00304;;
8330;0,00304;;
1939;0,00304;;
8680;0,00304;;
2539;0,00303;;
6402;0,00303;;
1103;0,00303;;
1410;0,00303;;
1424;0,00303;;
5619;0,00302;;
1172;0,00302;;
1394;0,00302;;
1402;0,00302;;
1409;0,00302;;
1449;0,00302;;
3881;0,00302;;
3990;0,00302;;
8179;0,00302;;
2347;0,00301;;
8772;0,00301;;
5652;0,00301;;
1399;0,00301;;
1942;0,003;;
2074;0,003;;
5;0,003;;
28;0,003;;
117;0,003;;
296;0,003;;
299;0,003;;
333;0,003;;
336;0,003;;
355;0,003;;
362;0,003;;
774;0,003;;
775;0,003;;
781;0,003;;
784;0,003;;
785;0,003;;
797;0,003;;
1171;0,003;;
1174;0,003;;
1312;0,003;;
1381;0,003;;
1405;0,003;;
1453;0,003;;
1488;0,003;;
1524;0,003;;
1545;0,003;;
1580;0,003;;
1590;0,003;;
1597;0,003;;
1778;0,003;;
1854;0,003;;
2084;0,003;;
2278;0,003;;
2316;0,003;;
2375;0,003;;
2456;0,003;;
2742;0,003;;
2752;0,003;;
2755;0,003;;
2810;0,003;;
2855;0,003;;
2869;0,003;;
2873;0,003;;
2879;0,003;;
3303;0,003;;
3458;0,003;;
3460;0,003;;
3480;0,003;;
3682;0,003;;
4045;0,003;;
4179;0,003;;
4496;0,003;;
4505;0,003;;
4524;0,003;;
4575;0,003;;
5546;0,003;;
5780;0,003;;
5820;0,003;;
5879;0,003;;
5904;0,003;;
5928;0,003;;
5937;0,003;;
6002;0,003;;
6079;0,003;;
6093;0,003;;
6139;0,003;;
6237;0,003;;
6243;0,003;;
6447;0,003;;
6499;0,003;;
6500;0,003;;
6832;0,003;;
7111;0,003;;
7310;0,003;;
7380;0,003;;
7409;0,003;;
7954;0,003;;
8316;0,003;;
8328;0,003;;
8488;0,003;;
8631;0,003;;
8991;0,003;;
9245;0,003;;
376;0,003;;
1452;0,003;;
2898;0,003;;
6867;0,003;;
7319;0,003;;
8563;0,003;;
4254;0,00299;;
1426;0,00299;;
1443;0,00299;;
7989;0,00299;;
3517;0,00299;;
5554;0,00298;;
2421;0,00297;;
6506;0,00297;;
6534;0,00297;;
2174;0,00297;;
7106;0,00296;;
4016;0,00296;;
7248;0,00296;;
1149;0,00295;;
7615;0,00295;;
8190;0,00295;;
2605;0,00295;;
6268;0,00294;;
474;0,00294;;
506;0,00294;;
2622;0,00294;;
7990;0,00294;;
8354;0,00294;;
2158;0,00293;;
3132;0,00293;;
7208;0,00293;;
4059;0,00293;;
882;0,00293;;
2620;0,00293;;
2771;0,00293;;
9;0,00292;;
47;0,00292;;
5809;0,00292;;
6241;0,00292;;
8066;0,00292;;
8303;0,00292;;
8338;0,00292;;
6309;0,00291;;
6375;0,00291;;
8171;0,00291;;
8928;0,00291;;
9578;0,00291;;
8822;0,0029;;
301;0,0029;;
293;0,0029;;
297;0,0029;;
510;0,0029;;
798;0,0029;;
1317;0,0029;;
1371;0,0029;;
1386;0,0029;;
1420;0,0029;;
1435;0,0029;;
1525;0,0029;;
1535;0,0029;;
1542;0,0029;;
1592;0,0029;;
2440;0,0029;;
2451;0,0029;;
3056;0,0029;;
3119;0,0029;;
3121;0,0029;;
3150;0,0029;;
3160;0,0029;;
3193;0,0029;;
3194;0,0029;;
3287;0,0029;;
3439;0,0029;;
3445;0,0029;;
3468;0,0029;;
3556;0,0029;;
3651;0,0029;;
3654;0,0029;;
3656;0,0029;;
3671;0,0029;;
3813;0,0029;;
4065;0,0029;;
4131;0,0029;;
4181;0,0029;;
4856;0,0029;;
4890;0,0029;;
5106;0,0029;;
5462;0,0029;;
5885;0,0029;;
5889;0,0029;;
6176;0,0029;;
6333;0,0029;;
6645;0,0029;;
7090;0,0029;;
7135;0,0029;;
7174;0,0029;;
7381;0,0029;;
8122;0,0029;;
8202;0,0029;;
8269;0,0029;;
8523;0,0029;;
8636;0,0029;;
8886;0,0029;;
9202;0,0029;;
9210;0,0029;;
9467;0,0029;;
9522;0,0029;;
2824;0,0029;;
6070;0,0029;;
6193;0,0029;;
6280;0,0029;;
9236;0,0029;;
1415;0,0029;;
1522;0,0029;;
1873;0,0029;;
2795;0,0029;;
3162;0,0029;;
3652;0,0029;;
4050;0,0029;;
7063;0,0029;;
8449;0,0029;;
1808;0,0029;;
4731;0,0029;;
159;0,00289;;
1821;0,00289;;
3888;0,00289;;
4849;0,00288;;
2472;0,00288;;
2057;0,00287;;
3602;0,00287;;
3081;0,00286;;
6446;0,00286;;
1440;0,00286;;
2343;0,00286;;
1800;0,00285;;
3749;0,00285;;
3862;0,00285;;
5844;0,00285;;
8026;0,00285;;
8062;0,00285;;
8887;0,00285;;
4001;0,00285;;
1547;0,00285;;
2751;0,00285;;
8646;0,00285;;
9617;0,00284;;
3457;0,00284;;
8168;0,00284;;
5847;0,00283;;
223;0,00283;;
4007;0,00282;;
4177;0,00282;;
4507;0,00282;;
8216;0,00282;;
3646;0,00281;;
9340;0,00281;;
1124;0,0028;;
1127;0,0028;;
1155;0,0028;;
1160;0,0028;;
1309;0,0028;;
1392;0,0028;;
1400;0,0028;;
1907;0,0028;;
1950;0,0028;;
2071;0,0028;;
2837;0,0028;;
2953;0,0028;;
3164;0,0028;;
3415;0,0028;;
3476;0,0028;;
3649;0,0028;;
3667;0,0028;;
3695;0,0028;;
4297;0,0028;;
4692;0,0028;;
5026;0,0028;;
5772;0,0028;;
6030;0,0028;;
6248;0,0028;;
6505;0,0028;;
7146;0,0028;;
7309;0,0028;;
4105;0,0028;;
7729;0,0028;;
358;0,0028;;
1176;0,0028;;
1428;0,0028;;
1436;0,0028;;
1918;0,0028;;
4300;0,0028;;
6239;0,0028;;
7302;0,0028;;
7429;0,0028;;
8566;0,0028;;
8635;0,0028;;
9243;0,0028;;
1932;0,00279;;
1872;0,00279;;
2595;0,00279;;
3689;0,00278;;
5770;0,00278;;
6657;0,00278;;
6450;0,00278;;
1979;0,00277;;
2069;0,00277;;
2482;0,00277;;
8675;0,00275;;
2867;0,00274;;
6540;0,00274;;
8054;0,00274;;
3988;0,00273;;
3554;0,00272;;
3448;0,00271;;
3482;0,00271;;
7472;0,0027;;
154;0,0027;;
471;0,0027;;
529;0,0027;;
546;0,0027;;
1112;0,0027;;
1161;0,0027;;
1388;0,0027;;
1393;0,0027;;
1442;0,0027;;
1447;0,0027;;
1527;0,0027;;
1531;0,0027;;
1532;0,0027;;
1546;0,0027;;
1585;0,0027;;
1947;0,0027;;
1982;0,0027;;
2227;0,0027;;
2748;0,0027;;
2859;0,0027;;
3473;0,0027;;
4060;0,0027;;
4282;0,0027;;
4287;0,0027;;
4583;0,0027;;
4781;0,0027;;
5163;0,0027;;
5496;0,0027;;
6028;0,0027;;
6308;0,0027;;
6482;0,0027;;
6486;0,0027;;
6851;0,0027;;
8426;0,0027;;
8742;0,0027;;
9110;0,0027;;
9586;0,0027;;
64;0,0027;;
74;0,0027;;
519;0,0027;;
523;0,0027;;
1540;0,0027;;
1741;0,0027;;
3416;0,0027;;
3418;0,0027;;
3436;0,0027;;
3650;0,0027;;
3663;0,0027;;
5909;0,0027;;
6242;0,0027;;
7193;0,0027;;
8968;0,0027;;
9276;0,0027;;
9560;0,0027;;
526;0,00269;;
7540;0,00269;;
8050;0,00268;;
132;0,00267;;
3431;0,00267;;
3449;0,00267;;
517;0,00267;;
520;0,00267;;
8165;0,00266;;
1173;0,00265;;
6508;0,00265;;
1445;0,00265;;
4596;0,00265;;
6479;0,00264;;
5985;0,00263;;
2863;0,00262;;
2899;0,00262;;
2866;0,00262;;
350;0,00261;;
3659;0,00261;;
9278;0,00261;;
321;0,0026;;
354;0,0026;;
370;0,0026;;
1313;0,0026;;
1411;0,0026;;
1446;0,0026;;
1463;0,0026;;
1541;0,0026;;
1565;0,0026;;
2100;0,0026;;
2295;0,0026;;
2841;0,0026;;
2880;0,0026;;
2889;0,0026;;
2897;0,0026;;
3298;0,0026;;
3435;0,0026;;
3440;0,0026;;
3677;0,0026;;
3924;0,0026;;
4284;0,0026;;
5625;0,0026;;
5876;0,0026;;
5877;0,0026;;
5880;0,0026;;
5890;0,0026;;
6465;0,0026;;
8253;0,0026;;
8813;0,0026;;
9013;0,0026;;
566;0,0026;;
323;0,0026;;
340;0,0026;;
457;0,0026;;
525;0,0026;;
1380;0,0026;;
1750;0,0026;;
1867;0,0026;;
2296;0,0026;;
2395;0,0026;;
2875;0,0026;;
2888;0,0026;;
3220;0,0026;;
3617;0,0026;;
3664;0,0026;;
3875;0,0026;;
4311;0,0026;;
4317;0,0026;;
5477;0,0026;;
5935;0,0026;;
6574;0,0026;;
6847;0,0026;;
8370;0,0026;;
8372;0,0026;;
8669;0,0026;;
1539;0,0026;;
3147;0,0026;;
3694;0,0026;;
7019;0,0026;;
9614;0,0026;;
5899;0,00258;;
5199;0,00256;;
2845;0,00255;;
8541;0,00255;;
2848;0,00254;;
1407;0,00253;;
1408;0,00253;;
4020;0,00251;;
441;0,0025;;
1456;0,0025;;
1764;0,0025;;
3919;0,0025;;
4551;0,0025;;
5739;0,0025;;
5902;0,0025;;
7049;0,0025;;
7125;0,0025;;
7960;0,0025;;
7991;0,0025;;
8577;0,0025;;
8715;0,0025;;
8724;0,0025;;
8827;0,0025;;
9322;0,0025;;
86;0,0025;;
348;0,0025;;
729;0,0025;;
776;0,0025;;
1385;0,0025;;
1397;0,0025;;
2528;0,0025;;
2654;0,0025;;
2871;0,0025;;
3553;0,0025;;
4493;0,0025;;
4854;0,0025;;
5768;0,0025;;
5878;0,0025;;
7123;0,0025;;
7312;0,0025;;
7384;0,0025;;
8737;0,0025;;
8854;0,0025;;
1119;0,0025;;
1691;0,0025;;
8300;0,0025;;
1169;0,00249;;
2649;0,00246;;
1543;0,00245;;
780;0,00245;;
796;0,00245;;
4064;0,00245;;
1314;0,00243;;
3218;0,00243;;
7965;0,00243;;
7982;0,00243;;
1167;0,00243;;
1396;0,00243;;
1432;0,00243;;
5151;0,00243;;
3668;0,00242;;
6244;0,00241;;
738;0,0024;;
740;0,0024;;
1170;0,0024;;
1383;0,0024;;
2326;0,0024;;
2932;0,0024;;
2989;0,0024;;
4986;0,0024;;
5516;0,0024;;
7115;0,0024;;
7163;0,0024;;
8576;0,0024;;
8601;0,0024;;
9321;0,0024;;
183;0,0024;;
365;0,0024;;
429;0,0024;;
1209;0,0024;;
1378;0,0024;;
1382;0,0024;;
1474;0,0024;;
1755;0,0024;;
2161;0,0024;;
2462;0,0024;;
2471;0,0024;;
3666;0,0024;;
3987;0,0024;;
5335;0,0024;;
5543;0,0024;;
5898;0,0024;;
6102;0,0024;;
6943;0,0024;;
7407;0,0024;;
8335;0,0024;;
8580;0,0024;;
8586;0,0024;;
8588;0,0024;;
8600;0,0024;;
9120;0,0024;;
371;0,0024;;
1433;0,0024;;
1548;0,0024;;
4590;0,0024;;
2516;0,00236;;
795;0,00236;;
8957;0,00234;;
4008;0,00233;;
4011;0,00233;;
3906;0,00233;;
515;0,00231;;
377;0,0023;;
407;0,0023;;
1114;0,0023;;
1552;0,0023;;
1859;0,0023;;
3684;0,0023;;
3925;0,0023;;
4772;0,0023;;
8582;0,0023;;
187;0,0023;;
1093;0,0023;;
1311;0,0023;;
1441;0,0023;;
1544;0,0023;;
2232;0,0023;;
2490;0,0023;;
3678;0,0023;;
4475;0,0023;;
4476;0,0023;;
4479;0,0023;;
4483;0,0023;;
4490;0,0023;;
4491;0,0023;;
4494;0,0023;;
6041;0,0023;;
6995;0,0023;;
8574;0,0023;;
1269;0,0023;;
1310;0,0023;;
2439;0,0023;;
3871;0,0023;;
4579;0,0023;;
6350;0,0023;;
3674;0,00229;;
3657;0,00229;;
4027;0,00229;;
3669;0,00229;;
3023;0,00228;;
4061;0,00226;;
1798;0,00225;;
2476;0,00223;;
8115;0,00222;;
4893;0,0022;;
8538;0,0022;;
65;0,0022;;
359;0,0022;;
1528;0,0022;;
1549;0,0022;;
1587;0,0022;;
1588;0,0022;;
2040;0,0022;;
2159;0,0022;;
2212;0,0022;;
2425;0,0022;;
2495;0,0022;;
2663;0,0022;;
3647;0,0022;;
3661;0,0022;;
3672;0,0022;;
4904;0,0022;;
5552;0,0022;;
6039;0,0022;;
6432;0,0022;;
7693;0,0022;;
7987;0,0022;;
8587;0,0022;;
8598;0,0022;;
8810;0,0022;;
344;0,0022;;
1248;0,0022;;
1832;0,0022;;
2699;0,0022;;
3675;0,0022;;
6192;0,0022;;
6253;0,0022;;
6871;0,0022;;
1221;0,00219;;
4151;0,00219;;
8583;0,00218;;
2926;0,00214;;
5394;0,00213;;
5618;0,00212;;
7078;0,00212;;
5591;0,00211;;
7557;0,00211;;
1418;0,0021;;
2203;0,0021;;
2461;0,0021;;
2673;0,0021;;
2883;0,0021;;
3514;0,0021;;
3572;0,0021;;
3658;0,0021;;
3935;0,0021;;
5316;0,0021;;
5441;0,0021;;
6875;0,0021;;
7202;0,0021;;
8213;0,0021;;
9026;0,0021;;
9354;0,0021;;
444;0,0021;;
1559;0,0021;;
1803;0,0021;;
3122;0,0021;;
3300;0,0021;;
3847;0,0021;;
4625;0,0021;;
5485;0,0021;;
8244;0,0021;;
9111;0,0021;;
5952;0,00209;;
3244;0,00208;;
3904;0,00208;;
4118;0,00207;;
8124;0,00207;;
8284;0,00207;;
9038;0,00207;;
3865;0,00206;;
505;0,00206;;
4196;0,00206;;
1290;0,00205;;
4216;0,00205;;
6438;0,00205;;
1252;0,00205;;
4103;0,00205;;
5973;0,00205;;
9115;0,00205;;
1679;0,00204;;
2442;0,00204;;
6726;0,00204;;
2277;0,00204;;
49;0,00203;;
2838;0,00203;;
9165;0,00203;;
2447;0,00202;;
7438;0,00202;;
9157;0,00202;;
4198;0,00201;;
9087;0,00201;;
530;0,002;;
3934;0,002;;
536;0,002;;
1534;0,002;;
1554;0,002;;
1770;0,002;;
1845;0,002;;
1929;0,002;;
2452;0,002;;
2465;0,002;;
2630;0,002;;
2655;0,002;;
2693;0,002;;
3170;0,002;;
3336;0,002;;
3869;0,002;;
4372;0,002;;
4773;0,002;;
5147;0,002;;
5322;0,002;;
5827;0,002;;
6956;0,002;;
7333;0,002;;
7511;0,002;;
8105;0,002;;
1121;0,002;;
1150;0,002;;
1168;0,002;;
1425;0,002;;
2042;0,002;;
2698;0,002;;
3742;0,002;;
4331;0,002;;
4704;0,002;;
5367;0,002;;
6903;0,002;;
7004;0,002;;
7087;0,002;;
7318;0,002;;
7335;0,002;;
8299;0,002;;
5817;0,00199;;
6850;0,00199;;
8514;0,00199;;
133;0,00198;;
1958;0,00198;;
2437;0,00198;;
4256;0,00198;;
3030;0,00197;;
303;0,00197;;
2666;0,00197;;
3490;0,00197;;
6824;0,00197;;
6897;0,00197;;
7320;0,00197;;
9131;0,00197;;
216;0,00197;;
233;0,00197;;
6901;0,00197;;
1624;0,00196;;
7497;0,00196;;
7964;0,00196;;
8134;0,00196;;
1616;0,00195;;
6900;0,00195;;
6915;0,00195;;
6697;0,00195;;
7323;0,00195;;
2931;0,00195;;
3721;0,00195;;
6542;0,00194;;
7010;0,00194;;
7218;0,00194;;
7253;0,00194;;
8786;0,00194;;
9490;0,00194;;
2003;0,00193;;
3380;0,00192;;
2399;0,00192;;
3541;0,00192;;
6950;0,00192;;
7073;0,00192;;
7103;0,00192;;
7225;0,00192;;
6727;0,00192;;
2435;0,00191;;
9046;0,00191;;
9092;0,00191;;
2661;0,00191;;
6960;0,00191;;
6996;0,00191;;
7064;0,00191;;
1133;0,0019;;
9119;0,0019;;
790;0,0019;;
2067;0,0019;;
2457;0,0019;;
2467;0,0019;;
4057;0,0019;;
4398;0,0019;;
4725;0,0019;;
6818;0,0019;;
6854;0,0019;;
6992;0,0019;;
7071;0,0019;;
7085;0,0019;;
7241;0,0019;;
7329;0,0019;;
8585;0,0019;;
9149;0,0019;;
9494;0,0019;;
2237;0,0019;;
3706;0,0019;;
56;0,0019;;
245;0,0019;;
1530;0,0019;;
1581;0,0019;;
1635;0,0019;;
1993;0,0019;;
2455;0,0019;;
2584;0,0019;;
2860;0,0019;;
3271;0,0019;;
3643;0,0019;;
3725;0,0019;;
3887;0,0019;;
5476;0,0019;;
6935;0,0019;;
6952;0,0019;;
6957;0,0019;;
7028;0,0019;;
7069;0,0019;;
7088;0,0019;;
7114;0,0019;;
7316;0,0019;;
7328;0,0019;;
7330;0,0019;;
8095;0,0019;;
8366;0,0019;;
8447;0,0019;;
8593;0,0019;;
8595;0,0019;;
8596;0,0019;;
8717;0,0019;;
9001;0,0019;;
9011;0,0019;;
9139;0,0019;;
9336;0,0019;;
2391;0,00189;;
8990;0,00189;;
3015;0,00189;;
3558;0,00189;;
3726;0,00189;;
7112;0,00189;;
7167;0,00189;;
703;0,00188;;
1791;0,00188;;
3724;0,00188;;
7325;0,00188;;
4336;0,00188;;
3718;0,00187;;
7039;0,00187;;
2286;0,00187;;
2531;0,00187;;
3713;0,00187;;
7062;0,00187;;
66;0,00187;;
3207;0,00187;;
2346;0,00186;;
4126;0,00186;;
7129;0,00186;;
8705;0,00186;;
8780;0,00186;;
9035;0,00186;;
9136;0,00186;;
6890;0,00186;;
7315;0,00186;;
8656;0,00186;;
9050;0,00186;;
9166;0,00186;;
2662;0,00185;;
4013;0,00184;;
6965;0,00184;;
5577;0,00183;;
6857;0,00183;;
6864;0,00183;;
3816;0,00183;;
1259;0,00183;;
4121;0,00182;;
6846;0,00182;;
7435;0,00182;;
2423;0,00181;;
2469;0,00181;;
8360;0,00181;;
8673;0,00181;;
9112;0,00181;;
409;0,0018;;
1496;0,0018;;
1725;0,0018;;
3727;0,0018;;
4845;0,0018;;
5205;0,0018;;
5737;0,0018;;
6872;0,0018;;
6966;0,0018;;
6990;0,0018;;
7334;0,0018;;
7371;0,0018;;
9104;0,0018;;
9106;0,0018;;
34;0,0018;;
334;0,0018;;
513;0,0018;;
540;0,0018;;
544;0,0018;;
1351;0,0018;;
1374;0,0018;;
1536;0,0018;;
1574;0,0018;;
1648;0,0018;;
1668;0,0018;;
1693;0,0018;;
1717;0,0018;;
2289;0,0018;;
2657;0,0018;;
2669;0,0018;;
2734;0,0018;;
3200;0,0018;;
3424;0,0018;;
3692;0,0018;;
3696;0,0018;;
3703;0,0018;;
4755;0,0018;;
5828;0,0018;;
5991;0,0018;;
6899;0,0018;;
6929;0,0018;;
6958;0,0018;;
6961;0,0018;;
6994;0,0018;;
7126;0,0018;;
7137;0,0018;;
7175;0,0018;;
7373;0,0018;;
7506;0,0018;;
8188;0,0018;;
8219;0,0018;;
8242;0,0018;;
8581;0,0018;;
8584;0,0018;;
8589;0,0018;;
8650;0,0018;;
9076;0,0018;;
9128;0,0018;;
9547;0,0018;;
3204;0,0018;;
310;0,00179;;
3301;0,00179;;
6889;0,00178;;
1146;0,00178;;
9487;0,00177;;
7254;0,00177;;
1012;0,00176;;
4643;0,00176;;
1001;0,00175;;
3846;0,00175;;
6909;0,00175;;
8954;0,00175;;
1347;0,00174;;
7336;0,00174;;
1192;0,00174;;
1222;0,00174;;
1324;0,00174;;
1751;0,00174;;
7065;0,00174;;
1737;0,00173;;
6636;0,00173;;
6696;0,00173;;
993;0,00172;;
1060;0,00172;;
1699;0,00172;;
2684;0,00172;;
6913;0,00172;;
6917;0,00172;;
7375;0,00172;;
996;0,00172;;
1329;0,00172;;
1702;0,00172;;
1138;0,00171;;
1677;0,00171;;
1700;0,00171;;
1722;0,00171;;
1656;0,00171;;
1707;0,00171;;
6946;0,00171;;
8293;0,00171;;
2582;0,0017;;
6981;0,0017;;
181;0,0017;;
292;0,0017;;
329;0,0017;;
794;0,0017;;
1271;0,0017;;
1533;0,0017;;
1669;0,0017;;
2659;0,0017;;
5096;0,0017;;
7117;0,0017;;
9151;0,0017;;
390;0,0017;;
1135;0,0017;;
1137;0,0017;;
1139;0,0017;;
1166;0,0017;;
1237;0,0017;;
1242;0,0017;;
1257;0,0017;;
1265;0,0017;;
1276;0,0017;;
1291;0,0017;;
1391;0,0017;;
1401;0,0017;;
1421;0,0017;;
1595;0,0017;;
1625;0,0017;;
1639;0,0017;;
1649;0,0017;;
1653;0,0017;;
1713;0,0017;;
1736;0,0017;;
1738;0,0017;;
1761;0,0017;;
1762;0,0017;;
1831;0,0017;;
2313;0,0017;;
2360;0,0017;;
2443;0,0017;;
2454;0,0017;;
2575;0,0017;;
2619;0,0017;;
2644;0,0017;;
2656;0,0017;;
2665;0,0017;;
2686;0,0017;;
2865;0,0017;;
2945;0,0017;;
3570;0,0017;;
3859;0,0017;;
5270;0,0017;;
5303;0,0017;;
5417;0,0017;;
5895;0,0017;;
6038;0,0017;;
6352;0,0017;;
6855;0,0017;;
6894;0,0017;;
6912;0,0017;;
6921;0,0017;;
6923;0,0017;;
6949;0,0017;;
6953;0,0017;;
6989;0,0017;;
7003;0,0017;;
7267;0,0017;;
7322;0,0017;;
8590;0,0017;;
2719;0,00169;;
1219;0,00169;;
1286;0,00169;;
1275;0,00169;;
1279;0,00169;;
6972;0,00169;;
4373;0,00168;;
423;0,00167;;
1364;0,00167;;
1701;0,00167;;
9075;0,00167;;
31;0,00166;;
168;0,00166;;
605;0,00166;;
1331;0,00166;;
2160;0,00166;;
2547;0,00166;;
1511;0,00165;;
2711;0,00164;;
1537;0,00164;;
1164;0,00163;;
2002;0,00163;;
9032;0,00163;;
9124;0,00163;;
2739;0,00162;;
1577;0,00162;;
1614;0,00162;;
8915;0,00162;;
1480;0,00161;;
1623;0,00161;;
1510;0,00161;;
1576;0,00161;;
152;0,0016;;
1107;0,0016;;
3745;0,0016;;
213;0,0016;;
779;0,0016;;
1154;0,0016;;
1387;0,0016;;
1589;0,0016;;
1638;0,0016;;
1680;0,0016;;
1876;0,0016;;
2103;0,0016;;
2298;0,0016;;
2436;0,0016;;
2720;0,0016;;
2722;0,0016;;
2724;0,0016;;
3295;0,0016;;
3716;0,0016;;
3923;0,0016;;
7058;0,0016;;
7122;0,0016;;
9056;0,0016;;
1363;0,0016;;
1708;0,00159;;
4727;0,00159;;
1670;0,00157;;
5897;0,00157;;
2710;0,00157;;
1483;0,00157;;
1494;0,00157;;
1501;0,00157;;
1512;0,00157;;
1578;0,00157;;
1652;0,00157;;
1661;0,00156;;
1662;0,00156;;
2717;0,00156;;
1243;0,00155;;
1735;0,00155;;
1782;0,00155;;
3842;0,00155;;
1703;0,00154;;
196;0,00153;;
8516;0,00153;;
1198;0,00152;;
384;0,00152;;
3948;0,00152;;
1296;0,00151;;
1664;0,00151;;
1697;0,00151;;
2721;0,0015;;
499;0,0015;;
611;0,0015;;
620;0,0015;;
768;0,0015;;
783;0,0015;;
799;0,0015;;
1756;0,0015;;
2675;0,0015;;
2676;0,0015;;
2695;0,0015;;
3579;0,0015;;
3708;0,0015;;
4592;0,0015;;
4660;0,0015;;
4784;0,0015;;
4833;0,0015;;
4862;0,0015;;
5332;0,0015;;
6954;0,0015;;
7059;0,0015;;
9419;0,0015;;
5815;0,00149;;
6969;0,00149;;
7210;0,00149;;
8725;0,00149;;
9028;0,00149;;
601;0,00149;;
2723;0,00149;;
5598;0,00149;;
7285;0,00149;;
9130;0,00149;;
2025;0,00148;;
2428;0,00148;;
2650;0,00148;;
8784;0,00148;;
2738;0,00147;;
595;0,00147;;
4623;0,00147;;
8640;0,00147;;
2740;0,00146;;
1848;0,00146;;
3700;0,00146;;
2224;0,00145;;
3221;0,00145;;
6173;0,00145;;
7048;0,00145;;
19;0,00144;;
6896;0,00144;;
6902;0,00144;;
9429;0,00144;;
80;0,00144;;
2679;0,00144;;
626;0,00143;;
2213;0,00143;;
2677;0,00143;;
3049;0,00143;;
61;0,00143;;
1888;0,00143;;
1991;0,00143;;
6852;0,00143;;
4037;0,00141;;
7011;0,00141;;
6860;0,00141;;
7224;0,00141;;
114;0,0014;;
145;0,0014;;
512;0,0014;;
598;0,0014;;
637;0,0014;;
643;0,0014;;
1109;0,0014;;
1123;0,0014;;
1130;0,0014;;
1151;0,0014;;
1458;0,0014;;
1498;0,0014;;
1579;0,0014;;
1622;0,0014;;
1706;0,0014;;
1758;0,0014;;
1871;0,0014;;
1903;0,0014;;
2371;0,0014;;
2653;0,0014;;
3754;0,0014;;
4501;0,0014;;
4588;0,0014;;
4711;0,0014;;
4987;0,0014;;
5515;0,0014;;
7139;0,0014;;
7376;0,0014;;
8139;0,0014;;
8552;0,0014;;
8630;0,0014;;
9269;0,0014;;
7324;0,0014;;
419;0,0014;;
590;0,0014;;
770;0,0014;;
2730;0,0014;;
6993;0,0014;;
5089;0,0014;;
1694;0,00139;;
2685;0,00139;;
6888;0,00139;;
7177;0,00139;;
589;0,00139;;
6898;0,00139;;
9159;0,00138;;
6862;0,00137;;
6999;0,00137;;
7027;0,00137;;
2322;0,00136;;
7012;0,00136;;
464;0,00135;;
9369;0,00134;;
388;0,00134;;
1230;0,00134;;
7077;0,00132;;
1078;0,00132;;
8925;0,00132;;
5506;0,00131;;
9048;0,00131;;
9062;0,00131;;
5528;0,00131;;
1088;0,0013;;
594;0,0013;;
632;0,0013;;
807;0,0013;;
1111;0,0013;;
1367;0,0013;;
1368;0,0013;;
1370;0,0013;;
1429;0,0013;;
1583;0,0013;;
1599;0,0013;;
1630;0,0013;;
1746;0,0013;;
2028;0,0013;;
2222;0,0013;;
2427;0,0013;;
2460;0,0013;;
2493;0,0013;;
2667;0,0013;;
2671;0,0013;;
3187;0,0013;;
3699;0,0013;;
4099;0,0013;;
4698;0,0013;;
4707;0,0013;;
4846;0,0013;;
5508;0,0013;;
6874;0,0013;;
6887;0,0013;;
6991;0,0013;;
7018;0,0013;;
7369;0,0013;;
8398;0,0013;;
9206;0,0013;;
2433;0,0013;;
610;0,0013;;
1676;0,0013;;
1728;0,0013;;
2005;0,0013;;
2691;0,0013;;
5291;0,0013;;
5494;0,0013;;
5525;0,0013;;
5526;0,0013;;
7116;0,0013;;
1904;0,0013;;
4826;0,0013;;
5783;0,00129;;
6635;0,00129;;
1094;0,00129;;
3731;0,00129;;
8801;0,00128;;
9156;0,00128;;
431;0,00127;;
1058;0,00127;;
7045;0,00126;;
2422;0,00126;;
6914;0,00126;;
6959;0,00126;;
1938;0,00126;;
4702;0,00124;;
465;0,00123;;
3372;0,00123;;
5504;0,00123;;
1612;0,00123;;
1404;0,00122;;
4591;0,00122;;
6835;0,00122;;
627;0,00121;;
1218;0,00121;;
1293;0,00121;;
1802;0,00121;;
531;0,0012;;
4585;0,0012;;
617;0,0012;;
635;0,0012;;
1077;0,0012;;
1105;0,0012;;
1212;0,0012;;
1233;0,0012;;
1395;0,0012;;
1437;0,0012;;
1558;0,0012;;
1584;0,0012;;
1688;0,0012;;
1954;0,0012;;
2424;0,0012;;
2803;0,0012;;
3890;0,0012;;
4051;0,0012;;
4192;0,0012;;
5502;0,0012;;
5510;0,0012;;
5512;0,0012;;
5531;0,0012;;
5813;0,0012;;
6926;0,0012;;
7110;0,0012;;
7382;0,0012;;
7725;0,0012;;
588;0,0012;;
602;0,0012;;
623;0,0012;;
1632;0,0012;;
1862;0,0012;;
2468;0,0012;;
5501;0,0012;;
6878;0,0012;;
6904;0,0012;;
8701;0,0012;;
9102;0,0012;;
9310;0,0012;;
9331;0,0012;;
1550;0,0012;;
4530;0,0012;;
316;0,00119;;
1226;0,00119;;
1241;0,00119;;
1254;0,00119;;
1264;0,00119;;
1398;0,00119;;
1434;0,00119;;
1292;0,00118;;
1191;0,00117;;
1361;0,00117;;
1416;0,00117;;
1438;0,00117;;
3142;0,00117;;
4598;0,00117;;
1485;0,00115;;
1297;0,00115;;
1315;0,00115;;
1569;0,00115;;
1596;0,00115;;
2709;0,00115;;
2735;0,00115;;
5527;0,00115;;
1476;0,00114;;
1636;0,00114;;
1349;0,00113;;
3710;0,00113;;
3714;0,00113;;
2696;0,00112;;
2728;0,00112;;
1187;0,00111;;
1193;0,00111;;
1283;0,00111;;
1357;0,00111;;
5507;0,00111;;
261;0,0011;;
1369;0,0011;;
1607;0,0011;;
2694;0,0011;;
2715;0,0011;;
4569;0,0011;;
4750;0,0011;;
7013;0,0011;;
7075;0,0011;;
7136;0,0011;;
9122;0,0011;;
9320;0,0011;;
9546;0,0011;;
442;0,0011;;
599;0,0011;;
636;0,0011;;
789;0,0011;;
791;0,0011;;
1063;0,0011;;
1484;0,0011;;
1682;0,0011;;
1709;0,0011;;
2449;0,0011;;
5489;0,0011;;
6988;0,0011;;
7331;0,0011;;
1298;0,00108;;
1320;0,00108;;
4038;0,00106;;
5203;0,00106;;
2732;0,00105;;
9335;0,00104;;
2647;0,00103;;
5869;0,00103;;
2707;0,00102;;
1250;0,00101;;
2731;0,00101;;
9327;0,00101;;
1039;0,001;;
1100;0,001;;
1131;0,001;;
1672;0,001;;
2336;0,001;;
4527;0,001;;
4600;0,001;;
6497;0,001;;
7118;0,001;;
7424;0,001;;
6779;0,001;;
592;0,001;;
1234;0,001;;
1376;0,001;;
1650;0,001;;
2458;0,001;;
2689;0,001;;
2753;0,001;;
4749;0,001;;
5090;0,001;;
6858;0,001;;
7230;0,001;;
9427;0,001;;
2692;0,001;;
3233;0,001;;
3648;0,001;;
4252;0,001;;
3938;0,00096;;
7538;0,00094;;
4775;0,00094;;
630;0,00092;;
710;0,00092;;
622;0,0009;;
1098;0,0009;;
1104;0,0009;;
1134;0,0009;;
1877;0,0009;;
1957;0,0009;;
4562;0,0009;;
4746;0,0009;;
6848;0,0009;;
8679;0,0009;;
606;0,0009;;
613;0,0009;;
615;0,0009;;
619;0,0009;;
1106;0,0009;;
1627;0,0009;;
1690;0,0009;;
2035;0,0009;;
2682;0,0009;;
2784;0,0009;;
4593;0,0009;;
5498;0,0009;;
5519;0,0009;;
6769;0,0009;;
7543;0,0009;;
8592;0,0009;;
9343;0,0009;;
9346;0,0009;;
586;0,0009;;
1967;0,0009;;
2820;0,0009;;
4046;0,0009;;
7009;0,0009;;
8878;0,0009;;
3294;0,0009;;
4700;0,00085;;
5063;0,00083;;
2521;0,00082;;
624;0,0008;;
777;0,0008;;
930;0,0008;;
1102;0,0008;;
2463;0,0008;;
3994;0,0008;;
6948;0,0008;;
7066;0,0008;;
7304;0,0008;;
7451;0,0008;;
9313;0,0008;;
9491;0,0008;;
640;0,0008;;
1194;0,0008;;
1629;0,0008;;
1698;0,0008;;
2690;0,0008;;
6009;0,0008;;
7301;0,0008;;
7596;0,0008;;
8776;0,0008;;
9390;0,0008;;
1095;0,0008;;
2674;0,0008;;
5901;0,0008;;
6934;0,0008;;
7590;0,0008;;
5497;0,00078;;
1056;0,00077;;
5499;0,00077;;
4942;0,00075;;
4943;0,00074;;
4602;0,00073;;
4791;0,00073;;
4944;0,00072;;
4581;0,00072;;
2294;0,00071;;
291;0,00071;;
633;0,0007;;
1040;0,0007;;
1683;0,0007;;
1944;0,0007;;
4584;0,0007;;
4906;0,0007;;
5490;0,0007;;
5493;0,0007;;
6293;0,0007;;
6523;0,0007;;
7592;0,0007;;
7594;0,0007;;
7597;0,0007;;
7601;0,0007;;
7602;0,0007;;
7605;0,0007;;
7668;0,0007;;
9317;0,0007;;
167;0,0007;;
2060;0,0007;;
6719;0,00068;;
6721;0,00068;;
4741;0,00065;;
4765;0,00064;;
9348;0,00063;;
4756;0,00063;;
4842;0,0006;;
1043;0,0006;;
1884;0,0006;;
4737;0,0006;;
5457;0,0006;;
5524;0,0006;;
7593;0,0006;;
9008;0,0006;;
9314;0,0006;;
9319;0,0006;;
9323;0,0006;;
9330;0,0006;;
9339;0,0006;;
1021;0,0006;;
1373;0,0006;;
1460;0,0006;;
1684;0,0006;;
2668;0,0006;;
3853;0,0006;;
4340;0,0006;;
4604;0,0006;;
4740;0,0006;;
4830;0,0006;;
5509;0,0006;;
6985;0,0006;;
7109;0,0006;;
7599;0,0006;;
4994;0,00058;;
2009;0,00058;;
2362;0,00055;;
282;0,00054;;
4797;0,00054;;
6420;0,00054;;
289;0,00052;;
7275;0,00052;;
8298;0,00052;;
7730;0,00051;;
524;0,0005;;
7387;0,0005;;
876;0,0005;;
1035;0,0005;;
3613;0,0005;;
4168;0,0005;;
5169;0,0005;;
5246;0,0005;;
8084;0,0005;;
8803;0,0005;;
9328;0,0005;;
4993;0,0005;;
111;0,0005;;
1142;0,0005;;
1603;0,0005;;
1860;0,0005;;
2064;0,0005;;
4701;0,0005;;
4894;0,0005;;
6908;0,0005;;
9318;0,0005;;
6106;0,00046;;
8089;0,00046;;
4766;0,00044;;
887;0,00042;;
8028;0,00042;;
8037;0,00042;;
8043;0,00042;;
6044;0,00042;;
8210;0,00042;;
2026;0,00041;;
7983;0,00041;;
9361;0,00041;;
9364;0,00041;;
9376;0,00041;;
9379;0,00041;;
9383;0,00041;;
6042;0,00041;;
6043;0,00041;;
6069;0,00041;;
8356;0,00041;;
5622;0,00041;;
5641;0,00041;;
4211;0,0004;;
7060;0,0004;;
7672;0,0004;;
2217;0,0004;;
8332;0,0004;;
782;0,0004;;
8023;0,0004;;
8045;0,0004;;
8208;0,0004;;
9451;0,0004;;
9454;0,0004;;
9457;0,0004;;
9472;0,0004;;
9475;0,0004;;
9483;0,0004;;
9504;0,0004;;
9505;0,0004;;
769;0,0004;;
1608;0,0004;;
1743;0,0004;;
1766;0,0004;;
2045;0,0004;;
2109;0,0004;;
2714;0,0004;;
2716;0,0004;;
3217;0,0004;;
4568;0,0004;;
4844;0,0004;;
7440;0,0004;;
7510;0,0004;;
7598;0,0004;;
891;0,00039;;
7692;0,00039;;
119;0,00039;;
120;0,00039;;
122;0,00039;;
156;0,00039;;
1178;0,00039;;
1208;0,00039;;
1240;0,00039;;
1284;0,00039;;
1342;0,00039;;
1354;0,00039;;
1427;0,00039;;
7752;0,00039;;
7793;0,00039;;
7801;0,00039;;
8035;0,00039;;
8036;0,00039;;
8040;0,00039;;
1462;0,00039;;
1657;0,00039;;
3864;0,00039;;
5929;0,00039;;
5982;0,00039;;
6029;0,00039;;
8164;0,00039;;
9359;0,00039;;
9381;0,00039;;
9393;0,00039;;
890;0,00038;;
4544;0,00038;;
7912;0,00038;;
9400;0,00038;;
9402;0,00038;;
9412;0,00038;;
9431;0,00038;;
9433;0,00038;;
9510;0,00038;;
9512;0,00038;;
9515;0,00038;;
9618;0,00038;;
8052;0,00038;;
8260;0,00038;;
8261;0,00038;;
8270;0,00038;;
3042;0,00038;;
3057;0,00038;;
5563;0,00038;;
5579;0,00038;;
5586;0,00038;;
5588;0,00038;;
5606;0,00038;;
5633;0,00038;;
5651;0,00038;;
5664;0,00038;;
7617;0,00038;;
7626;0,00038;;
7642;0,00038;;
7647;0,00038;;
7650;0,00038;;
7659;0,00038;;
7704;0,00038;;
7718;0,00038;;
7939;0,00038;;
8432;0,00038;;
8497;0,00038;;
8503;0,00038;;
8369;0,00038;;
2244;0,00037;;
2312;0,00037;;
7710;0,00037;;
8385;0,00037;;
8419;0,00037;;
9422;0,00037;;
9430;0,00037;;
9437;0,00037;;
9519;0,00037;;
9537;0,00037;;
9616;0,00037;;
425;0,00037;;
427;0,00037;;
455;0,00037;;
456;0,00037;;
1704;0,00037;;
3492;0,00037;;
4052;0,00037;;
4110;0,00037;;
4231;0,00037;;
4616;0,00037;;
4617;0,00037;;
5167;0,00037;;
5220;0,00037;;
5223;0,00037;;
5975;0,00037;;
5987;0,00037;;
6082;0,00037;;
6409;0,00037;;
8132;0,00037;;
8573;0,00037;;
8653;0,00037;;
8823;0,00037;;
8830;0,00037;;
8843;0,00037;;
8846;0,00037;;
8857;0,00037;;
8869;0,00037;;
8876;0,00037;;
8897;0,00037;;
8909;0,00037;;
8913;0,00037;;
8939;0,00037;;
8953;0,00037;;
8962;0,00037;;
8995;0,00037;;
8999;0,00037;;
9020;0,00037;;
9027;0,00037;;
9040;0,00037;;
9044;0,00037;;
9178;0,00037;;
9351;0,00037;;
9374;0,00037;;
9485;0,00037;;
9569;0,00037;;
9579;0,00037;;
8309;0,00037;;
8313;0,00037;;
373;0,00037;;
843;0,00037;;
869;0,00037;;
888;0,00037;;
892;0,00037;;
901;0,00037;;
2831;0,00037;;
5292;0,00037;;
5295;0,00037;;
5488;0,00037;;
5491;0,00037;;
5728;0,00037;;
5830;0,00037;;
5862;0,00037;;
6491;0,00037;;
48;0,00036;;
818;0,00036;;
2089;0,00036;;
2136;0,00036;;
2344;0,00036;;
2387;0,00036;;
2416;0,00036;;
2611;0,00036;;
6520;0,00036;;
6539;0,00036;;
6563;0,00036;;
6581;0,00036;;
6587;0,00036;;
6600;0,00036;;
6770;0,00036;;
7863;0,00036;;
9481;0,00036;;
9583;0,00036;;
7641;0,00036;;
7643;0,00036;;
7684;0,00036;;
8785;0,00036;;
4597;0,00036;;
4679;0,00036;;
4850;0,00036;;
4853;0,00036;;
6853;0,00036;;
6886;0,00036;;
6986;0,00036;;
7007;0,00036;;
7142;0,00036;;
7150;0,00036;;
7156;0,00036;;
7343;0,00036;;
7390;0,00036;;
7419;0,00036;;
7426;0,00036;;
7434;0,00036;;
7444;0,00036;;
7620;0,00036;;
7623;0,00036;;
7630;0,00036;;
7661;0,00036;;
7727;0,00036;;
7759;0,00036;;
7771;0,00036;;
7800;0,00036;;
7933;0,00036;;
7946;0,00036;;
7950;0,00036;;
7959;0,00036;;
7962;0,00036;;
7966;0,00036;;
7968;0,00036;;
7969;0,00036;;
8038;0,00036;;
9197;0,00036;;
9246;0,00036;;
9271;0,00036;;
9272;0,00036;;
9295;0,00036;;
9358;0,00036;;
9377;0,00036;;
9389;0,00036;;
9392;0,00036;;
271;0,00035;;
722;0,00035;;
746;0,00035;;
749;0,00035;;
767;0,00035;;
793;0,00035;;
802;0,00035;;
819;0,00035;;
827;0,00035;;
833;0,00035;;
848;0,00035;;
863;0,00035;;
877;0,00035;;
885;0,00035;;
886;0,00035;;
897;0,00035;;
906;0,00035;;
950;0,00035;;
1925;0,00035;;
1963;0,00035;;
2332;0,00035;;
3584;0,00035;;
3974;0,00035;;
3979;0,00035;;
4915;0,00035;;
4918;0,00035;;
4953;0,00035;;
4956;0,00035;;
5001;0,00035;;
5004;0,00035;;
5010;0,00035;;
5030;0,00035;;
5033;0,00035;;
5077;0,00035;;
5080;0,00035;;
5222;0,00035;;
5248;0,00035;;
5484;0,00035;;
5628;0,00035;;
5639;0,00035;;
5724;0,00035;;
5738;0,00035;;
5749;0,00035;;
5838;0,00035;;
5866;0,00035;;
6619;0,00035;;
6638;0,00035;;
6643;0,00035;;
6667;0,00035;;
6695;0,00035;;
6746;0,00035;;
7714;0,00035;;
7717;0,00035;;
7719;0,00035;;
7722;0,00035;;
7738;0,00035;;
7746;0,00035;;
7749;0,00035;;
7754;0,00035;;
7770;0,00035;;
7778;0,00035;;
7780;0,00035;;
7788;0,00035;;
7792;0,00035;;
7999;0,00035;;
8011;0,00035;;
8187;0,00035;;
8189;0,00035;;
8207;0,00035;;
8259;0,00035;;
8264;0,00035;;
9398;0,00035;;
9403;0,00035;;
9407;0,00035;;
9426;0,00035;;
9428;0,00035;;
9460;0,00035;;
9464;0,00035;;
9526;0,00035;;
9541;0,00035;;
9587;0,00035;;
9598;0,00035;;
9599;0,00035;;
4504;0,00035;;
8088;0,00035;;
8118;0,00035;;
98;0,00034;;
2383;0,00034;;
23;0,00034;;
36;0,00034;;
41;0,00034;;
92;0,00034;;
1976;0,00034;;
2171;0,00034;;
2418;0,00034;;
2505;0,00034;;
2509;0,00034;;
2568;0,00034;;
4193;0,00034;;
4233;0,00034;;
5227;0,00034;;
7859;0,00034;;
7885;0,00034;;
7917;0,00034;;
9366;0,00034;;
4232;0,00034;;
5468;0,00034;;
5556;0,00034;;
5562;0,00034;;
5566;0,00034;;
5567;0,00034;;
5597;0,00034;;
5615;0,00034;;
5632;0,00034;;
5636;0,00034;;
5646;0,00034;;
5654;0,00034;;
7621;0,00034;;
7640;0,00034;;
7651;0,00034;;
7654;0,00034;;
7673;0,00034;;
7679;0,00034;;
7680;0,00034;;
7682;0,00034;;
7803;0,00034;;
7986;0,00034;;
8000;0,00034;;
8101;0,00034;;
9463;0,00034;;
9482;0,00034;;
9527;0,00034;;
9576;0,00034;;
9580;0,00034;;
368;0,00034;;
5979;0,00034;;
5996;0,00034;;
6008;0,00034;;
6016;0,00034;;
6018;0,00034;;
8438;0,00034;;
8484;0,00034;;
832;0,00034;;
846;0,00034;;
870;0,00034;;
1807;0,00033;;
1827;0,00033;;
3735;0,00033;;
6656;0,00033;;
6732;0,00033;;
6733;0,00033;;
6734;0,00033;;
5230;0,00033;;
5232;0,00033;;
5239;0,00033;;
5245;0,00033;;
5296;0,00033;;
5299;0,00033;;
5304;0,00033;;
5311;0,00033;;
5317;0,00033;;
5495;0,00033;;
5522;0,00033;;
7721;0,00033;;
7741;0,00033;;
7785;0,00033;;
7936;0,00033;;
7956;0,00033;;
7974;0,00033;;
7976;0,00033;;
761;0,00033;;
764;0,00033;;
765;0,00033;;
778;0,00033;;
804;0,00033;;
809;0,00033;;
812;0,00033;;
822;0,00033;;
823;0,00033;;
834;0,00033;;
839;0,00033;;
842;0,00033;;
853;0,00033;;
856;0,00033;;
873;0,00033;;
878;0,00033;;
883;0,00033;;
904;0,00033;;
1278;0,00033;;
1459;0,00033;;
5711;0,00033;;
5771;0,00033;;
6780;0,00033;;
7805;0,00033;;
7834;0,00033;;
7843;0,00033;;
7864;0,00033;;
7882;0,00033;;
8394;0,00033;;
8790;0,00033;;
8977;0,00033;;
9025;0,00033;;
9509;0,00033;;
9550;0,00033;;
9554;0,00033;;
4209;0,00033;;
4222;0,00033;;
4492;0,00033;;
5957;0,00033;;
5964;0,00033;;
6010;0,00033;;
1969;0,00033;;
2260;0,00033;;
2330;0,00033;;
7553;0,00032;;
4241;0,00032;;
15;0,00032;;
18;0,00032;;
22;0,00032;;
25;0,00032;;
33;0,00032;;
43;0,00032;;
52;0,00032;;
85;0,00032;;
127;0,00032;;
135;0,00032;;
140;0,00032;;
148;0,00032;;
160;0,00032;;
837;0,00032;;
2370;0,00032;;
3792;0,00032;;
3841;0,00032;;
3858;0,00032;;
3922;0,00032;;
3930;0,00032;;
4195;0,00032;;
5486;0,00032;;
6084;0,00032;;
6095;0,00032;;
6103;0,00032;;
6107;0,00032;;
6201;0,00032;;
6337;0,00032;;
6382;0,00032;;
6387;0,00032;;
6389;0,00032;;
7611;0,00032;;
7624;0,00032;;
7637;0,00032;;
7660;0,00032;;
7674;0,00032;;
7823;0,00032;;
7852;0,00032;;
7904;0,00032;;
7918;0,00032;;
9221;0,00032;;
9258;0,00032;;
3582;0,00032;;
4180;0,00032;;
5572;0,00032;;
5599;0,00032;;
5601;0,00032;;
5609;0,00032;;
5614;0,00032;;
5629;0,00032;;
5648;0,00032;;
5661;0,00032;;
5675;0,00032;;
5682;0,00032;;
5691;0,00032;;
7804;0,00032;;
8117;0,00032;;
8120;0,00032;;
8121;0,00032;;
27;0,00032;;
29;0,00032;;
82;0,00032;;
101;0,00032;;
102;0,00032;;
118;0,00032;;
138;0,00032;;
142;0,00032;;
1981;0,00032;;
2039;0,00032;;
2230;0,00032;;
2405;0,00032;;
2518;0,00032;;
2522;0,00032;;
2602;0,00032;;
2614;0,00032;;
4019;0,00032;;
5075;0,00032;;
6050;0,00032;;
6053;0,00032;;
6057;0,00032;;
6058;0,00032;;
6514;0,00032;;
6517;0,00032;;
8428;0,00032;;
8431;0,00032;;
8471;0,00032;;
1916;0,00031;;
1917;0,00031;;
1921;0,00031;;
1965;0,00031;;
2311;0,00031;;
2317;0,00031;;
2726;0,00031;;
2727;0,00031;;
3026;0,00031;;
3964;0,00031;;
1975;0,00031;;
2052;0,00031;;
2056;0,00031;;
2075;0,00031;;
2090;0,00031;;
2121;0,00031;;
2134;0,00031;;
2177;0,00031;;
2201;0,00031;;
2229;0,00031;;
2394;0,00031;;
2551;0,00031;;
2567;0,00031;;
2586;0,00031;;
4174;0,00031;;
4176;0,00031;;
4225;0,00031;;
4957;0,00031;;
5233;0,00031;;
5241;0,00031;;
5294;0,00031;;
5313;0,00031;;
5331;0,00031;;
5348;0,00031;;
5405;0,00031;;
5409;0,00031;;
317;0,00031;;
447;0,00031;;
2593;0,00031;;
3578;0,00031;;
3583;0,00031;;
3604;0,00031;;
3622;0,00031;;
4056;0,00031;;
4922;0,00031;;
4960;0,00031;;
5006;0,00031;;
5014;0,00031;;
5035;0,00031;;
5721;0,00031;;
5729;0,00031;;
5743;0,00031;;
5753;0,00031;;
5754;0,00031;;
5759;0,00031;;
5760;0,00031;;
5800;0,00031;;
5802;0,00031;;
5829;0,00031;;
5846;0,00031;;
5850;0,00031;;
5887;0,00031;;
5910;0,00031;;
5936;0,00031;;
5951;0,00031;;
5958;0,00031;;
5959;0,00031;;
5961;0,00031;;
5965;0,00031;;
5969;0,00031;;
5989;0,00031;;
5997;0,00031;;
6005;0,00031;;
6007;0,00031;;
6011;0,00031;;
6012;0,00031;;
6015;0,00031;;
6625;0,00031;;
6673;0,00031;;
6731;0,00031;;
6810;0,00031;;
6997;0,00031;;
7980;0,00031;;
7981;0,00031;;
8215;0,00031;;
4819;0,0003;;
4860;0,0003;;
854;0,0003;;
3568;0,0003;;
4745;0,0003;;
7029;0,0003;;
555;0,0003;;
849;0,0003;;
923;0,0003;;
945;0,0003;;
1184;0,0003;;
1213;0,0003;;
1244;0,0003;;
1277;0,0003;;
1285;0,0003;;
1301;0,0003;;
1353;0,0003;;
3304;0,0003;;
3309;0,0003;;
3311;0,0003;;
3384;0,0003;;
3586;0,0003;;
3590;0,0003;;
3845;0,0003;;
4000;0,0003;;
4095;0,0003;;
4116;0,0003;;
4119;0,0003;;
4120;0,0003;;
4128;0,0003;;
4171;0,0003;;
4182;0,0003;;
4219;0,0003;;
4235;0,0003;;
5706;0,0003;;
5708;0,0003;;
5709;0,0003;;
5713;0,0003;;
5720;0,0003;;
5725;0,0003;;
5730;0,0003;;
5734;0,0003;;
5742;0,0003;;
5745;0,0003;;
5755;0,0003;;
5764;0,0003;;
5782;0,0003;;
5788;0,0003;;
5792;0,0003;;
5833;0,0003;;
5841;0,0003;;
5845;0,0003;;
5854;0,0003;;
5855;0,0003;;
5858;0,0003;;
5867;0,0003;;
6090;0,0003;;
6175;0,0003;;
6301;0,0003;;
6374;0,0003;;
6388;0,0003;;
6401;0,0003;;
6416;0,0003;;
6458;0,0003;;
6761;0,0003;;
6791;0,0003;;
8184;0,0003;;
8350;0,0003;;
8367;0,0003;;
8388;0,0003;;
8421;0,0003;;
8437;0,0003;;
8441;0,0003;;
8456;0,0003;;
8463;0,0003;;
8468;0,0003;;
8487;0,0003;;
8493;0,0003;;
8502;0,0003;;
8508;0,0003;;
8518;0,0003;;
8533;0,0003;;
9436;0,0003;;
9438;0,0003;;
9440;0,0003;;
9549;0,0003;;
13;0,0003;;
16;0,0003;;
51;0,0003;;
55;0,0003;;
94;0,0003;;
95;0,0003;;
99;0,0003;;
108;0,0003;;
123;0,0003;;
130;0,0003;;
155;0,0003;;
158;0,0003;;
1379;0,0003;;
1988;0,0003;;
2087;0,0003;;
2193;0,0003;;
2261;0,0003;;
2262;0,0003;;
2309;0,0003;;
2324;0,0003;;
2339;0,0003;;
2376;0,0003;;
2379;0,0003;;
2404;0,0003;;
2478;0,0003;;
2523;0,0003;;
2558;0,0003;;
2615;0,0003;;
2616;0,0003;;
2631;0,0003;;
2633;0,0003;;
5942;0,0003;;
5949;0,0003;;
5954;0,0003;;
5955;0,0003;;
6022;0,0003;;
6025;0,0003;;
6027;0,0003;;
6032;0,0003;;
6774;0,0003;;
6776;0,0003;;
6784;0,0003;;
6794;0,0003;;
7813;0,0003;;
7815;0,0003;;
7817;0,0003;;
7818;0,0003;;
7820;0,0003;;
7826;0,0003;;
7831;0,0003;;
7833;0,0003;;
7839;0,0003;;
7857;0,0003;;
7858;0,0003;;
7875;0,0003;;
7878;0,0003;;
7888;0,0003;;
7905;0,0003;;
7915;0,0003;;
7916;0,0003;;
469;0,0003;;
847;0,0003;;
2928;0,0003;;
4573;0,0003;;
6283;0,0003;;
6565;0,0003;;
6591;0,0003;;
6905;0,0003;;
8621;0,0003;;
8666;0,0003;;
8668;0,0003;;
8700;0,0003;;
8703;0,0003;;
8802;0,0003;;
8805;0,0003;;
8819;0,0003;;
9034;0,0003;;
9041;0,0003;;
9079;0,0003;;
9090;0,0003;;
9164;0,0003;;
1972;0,00029;;
1996;0,00029;;
2019;0,00029;;
2022;0,00029;;
2023;0,00029;;
2048;0,00029;;
2080;0,00029;;
2094;0,00029;;
2099;0,00029;;
2124;0,00029;;
2141;0,00029;;
2152;0,00029;;
2167;0,00029;;
2215;0,00029;;
2345;0,00029;;
2372;0,00029;;
2382;0,00029;;
2403;0,00029;;
2415;0,00029;;
2480;0,00029;;
2512;0,00029;;
2515;0,00029;;
2525;0,00029;;
2550;0,00029;;
2570;0,00029;;
2613;0,00029;;
2915;0,00029;;
2960;0,00029;;
3521;0,00029;;
3526;0,00029;;
3618;0,00029;;
7548;0,00029;;
347;0,00029;;
395;0,00029;;
436;0,00029;;
1177;0,00029;;
1179;0,00029;;
1215;0,00029;;
1256;0,00029;;
1326;0,00029;;
1412;0,00029;;
1417;0,00029;;
1885;0,00029;;
1895;0,00029;;
1900;0,00029;;
1909;0,00029;;
1930;0,00029;;
1961;0,00029;;
1964;0,00029;;
2241;0,00029;;
2242;0,00029;;
2243;0,00029;;
2269;0,00029;;
2529;0,00029;;
2537;0,00029;;
2540;0,00029;;
2639;0,00029;;
2664;0,00029;;
2725;0,00029;;
3886;0,00029;;
4080;0,00029;;
5575;0,00029;;
5576;0,00029;;
5616;0,00029;;
5624;0,00029;;
5669;0,00029;;
7806;0,00029;;
8547;0,00029;;
8565;0,00029;;
8633;0,00029;;
8723;0,00029;;
8794;0,00029;;
8965;0,00029;;
9016;0,00029;;
9017;0,00029;;
9100;0,00029;;
9127;0,00029;;
9142;0,00029;;
9158;0,00029;;
971;0,00029;;
985;0,00029;;
990;0,00029;;
3848;0,00029;;
4928;0,00029;;
4966;0,00029;;
4980;0,00029;;
4999;0,00029;;
5043;0,00029;;
6653;0,00029;;
6701;0,00029;;
6713;0,00029;;
6718;0,00029;;
9209;0,00029;;
9231;0,00029;;
9286;0,00029;;
9307;0,00029;;
318;0,00029;;
412;0,00029;;
433;0,00029;;
438;0,00029;;
450;0,00029;;
8440;0,00029;;
8457;0,00029;;
8461;0,00029;;
8462;0,00029;;
8521;0,00029;;
2779;0,00029;;
2813;0,00029;;
2826;0,00029;;
182;0,00028;;
240;0,00028;;
248;0,00028;;
262;0,00028;;
5221;0,00028;;
5224;0,00028;;
338;0,00028;;
357;0,00028;;
383;0,00028;;
479;0,00028;;
490;0,00028;;
494;0,00028;;
1495;0,00028;;
1499;0,00028;;
1720;0,00028;;
2763;0,00028;;
2764;0,00028;;
2884;0,00028;;
3032;0,00028;;
3066;0,00028;;
3075;0,00028;;
3079;0,00028;;
3082;0,00028;;
3084;0,00028;;
3118;0,00028;;
3500;0,00028;;
3523;0,00028;;
3653;0,00028;;
4006;0,00028;;
4534;0,00028;;
4542;0,00028;;
4548;0,00028;;
6747;0,00028;;
6750;0,00028;;
6754;0,00028;;
6760;0,00028;;
6775;0,00028;;
6789;0,00028;;
6793;0,00028;;
6797;0,00028;;
6838;0,00028;;
8391;0,00028;;
8404;0,00028;;
8409;0,00028;;
8410;0,00028;;
8420;0,00028;;
8444;0,00028;;
8445;0,00028;;
8448;0,00028;;
8450;0,00028;;
8460;0,00028;;
8464;0,00028;;
8481;0,00028;;
8483;0,00028;;
8504;0,00028;;
8510;0,00028;;
8515;0,00028;;
8551;0,00028;;
8579;0,00028;;
8597;0,00028;;
8602;0,00028;;
8614;0,00028;;
8616;0,00028;;
8619;0,00028;;
8622;0,00028;;
8694;0,00028;;
8960;0,00028;;
9043;0,00028;;
9077;0,00028;;
9083;0,00028;;
9152;0,00028;;
9168;0,00028;;
9174;0,00028;;
1186;0,00028;;
1231;0,00028;;
1273;0,00028;;
1299;0,00028;;
1306;0,00028;;
1327;0,00028;;
1358;0,00028;;
2438;0,00028;;
2553;0,00028;;
3243;0,00028;;
3245;0,00028;;
5256;0,00028;;
5327;0,00028;;
6609;0,00028;;
6612;0,00028;;
6616;0,00028;;
6623;0,00028;;
6658;0,00028;;
6671;0,00028;;
6684;0,00028;;
6694;0,00028;;
6703;0,00028;;
6725;0,00028;;
6737;0,00028;;
6811;0,00028;;
8185;0,00028;;
902;0,00028;;
955;0,00028;;
2767;0,00027;;
2769;0,00027;;
3328;0,00027;;
3405;0,00027;;
3441;0,00027;;
5747;0,00027;;
5767;0,00027;;
5812;0,00027;;
5842;0,00027;;
5852;0,00027;;
5853;0,00027;;
5900;0,00027;;
6526;0,00027;;
8336;0,00027;;
9205;0,00027;;
9241;0,00027;;
9254;0,00027;;
9287;0,00027;;
391;0,00027;;
399;0,00027;;
413;0,00027;;
434;0,00027;;
448;0,00027;;
449;0,00027;;
459;0,00027;;
3545;0,00027;;
5939;0,00027;;
5963;0,00027;;
5992;0,00027;;
6034;0,00027;;
6051;0,00027;;
6072;0,00027;;
6073;0,00027;;
6115;0,00027;;
6262;0,00027;;
6328;0,00027;;
6376;0,00027;;
6451;0,00027;;
7841;0,00027;;
7844;0,00027;;
7909;0,00027;;
6;0,00027;;
97;0,00027;;
200;0,00027;;
205;0,00027;;
2940;0,00027;;
2951;0,00027;;
2971;0,00027;;
2974;0,00027;;
2977;0,00027;;
3003;0,00027;;
3004;0,00027;;
3427;0,00027;;
4656;0,00027;;
6066;0,00027;;
6234;0,00027;;
6269;0,00027;;
6294;0,00027;;
6319;0,00027;;
6324;0,00027;;
6359;0,00027;;
6407;0,00027;;
7086;0,00027;;
748;0,00027;;
7556;0,00026;;
8041;0,00026;;
1188;0,00026;;
1190;0,00026;;
1196;0,00026;;
1262;0,00026;;
1288;0,00026;;
1289;0,00026;;
1323;0,00026;;
1334;0,00026;;
1344;0,00026;;
1403;0,00026;;
1444;0,00026;;
1448;0,00026;;
2718;0,00026;;
6607;0,00026;;
6613;0,00026;;
6663;0,00026;;
6665;0,00026;;
6674;0,00026;;
6814;0,00026;;
6822;0,00026;;
6833;0,00026;;
7042;0,00026;;
7443;0,00026;;
8321;0,00026;;
8324;0,00026;;
8334;0,00026;;
8562;0,00026;;
8674;0,00026;;
8728;0,00026;;
8732;0,00026;;
8734;0,00026;;
8735;0,00026;;
8750;0,00026;;
8760;0,00026;;
8787;0,00026;;
8797;0,00026;;
8807;0,00026;;
8815;0,00026;;
8826;0,00026;;
8834;0,00026;;
8885;0,00026;;
8890;0,00026;;
8900;0,00026;;
8914;0,00026;;
8916;0,00026;;
8921;0,00026;;
8924;0,00026;;
8932;0,00026;;
8936;0,00026;;
8948;0,00026;;
8950;0,00026;;
8974;0,00026;;
8978;0,00026;;
9012;0,00026;;
9024;0,00026;;
9042;0,00026;;
9053;0,00026;;
9066;0,00026;;
9091;0,00026;;
9155;0,00026;;
9183;0,00026;;
9186;0,00026;;
195;0,00026;;
197;0,00026;;
199;0,00026;;
211;0,00026;;
226;0,00026;;
239;0,00026;;
251;0,00026;;
253;0,00026;;
3029;0,00026;;
3039;0,00026;;
3043;0,00026;;
3060;0,00026;;
3063;0,00026;;
3101;0,00026;;
3607;0,00026;;
3612;0,00026;;
3616;0,00026;;
3805;0,00026;;
3908;0,00026;;
3945;0,00026;;
3960;0,00026;;
3985;0,00026;;
3999;0,00026;;
4005;0,00026;;
4018;0,00026;;
4536;0,00026;;
4705;0,00026;;
4914;0,00026;;
4948;0,00026;;
5002;0,00026;;
5011;0,00026;;
6092;0,00026;;
6132;0,00026;;
6153;0,00026;;
6167;0,00026;;
6182;0,00026;;
6186;0,00026;;
6208;0,00026;;
6218;0,00026;;
6219;0,00026;;
6256;0,00026;;
6264;0,00026;;
6270;0,00026;;
6284;0,00026;;
6295;0,00026;;
6380;0,00026;;
6433;0,00026;;
6473;0,00026;;
6480;0,00026;;
6551;0,00026;;
6605;0,00026;;
6998;0,00026;;
7041;0,00026;;
9218;0,00026;;
9242;0,00026;;
9270;0,00026;;
9297;0,00026;;
1879;0,00026;;
1899;0,00026;;
1902;0,00026;;
1908;0,00026;;
2246;0,00026;;
2249;0,00026;;
2251;0,00026;;
2552;0,00026;;
2626;0,00026;;
2781;0,00026;;
2793;0,00026;;
2797;0,00026;;
2816;0,00026;;
2819;0,00026;;
2842;0,00026;;
2846;0,00026;;
8022;0,00026;;
8024;0,00026;;
8387;0,00026;;
8399;0,00026;;
8414;0,00026;;
8416;0,00026;;
5766;0,00025;;
367;0,00025;;
482;0,00025;;
495;0,00025;;
500;0,00025;;
1101;0,00025;;
3028;0,00025;;
3070;0,00025;;
3074;0,00025;;
3103;0,00025;;
3105;0,00025;;
3107;0,00025;;
3222;0,00025;;
3531;0,00025;;
3533;0,00025;;
3535;0,00025;;
3544;0,00025;;
3559;0,00025;;
3564;0,00025;;
3601;0,00025;;
3620;0,00025;;
3630;0,00025;;
3739;0,00025;;
3740;0,00025;;
6524;0,00025;;
6530;0,00025;;
6531;0,00025;;
6546;0,00025;;
6552;0,00025;;
6753;0,00025;;
8429;0,00025;;
8476;0,00025;;
8506;0,00025;;
8522;0,00025;;
9195;0,00025;;
9211;0,00025;;
9216;0,00025;;
9228;0,00025;;
9232;0,00025;;
9261;0,00025;;
9290;0,00025;;
9303;0,00025;;
9305;0,00025;;
9308;0,00025;;
1793;0,00025;;
1806;0,00025;;
1810;0,00025;;
2000;0,00025;;
2076;0,00025;;
2078;0,00025;;
2088;0,00025;;
2137;0,00025;;
2145;0,00025;;
2176;0,00025;;
2192;0,00025;;
2218;0,00025;;
2225;0,00025;;
2401;0,00025;;
2407;0,00025;;
2408;0,00025;;
2489;0,00025;;
2573;0,00025;;
2578;0,00025;;
2589;0,00025;;
2596;0,00025;;
2598;0,00025;;
2777;0,00025;;
2798;0,00025;;
2801;0,00025;;
2806;0,00025;;
2808;0,00025;;
2811;0,00025;;
2817;0,00025;;
2823;0,00025;;
2832;0,00025;;
2840;0,00025;;
2844;0,00025;;
2853;0,00025;;
2856;0,00025;;
2930;0,00025;;
2937;0,00025;;
2980;0,00025;;
3002;0,00025;;
4654;0,00025;;
6621;0,00025;;
6652;0,00025;;
6669;0,00025;;
6685;0,00025;;
6715;0,00025;;
6730;0,00025;;
6830;0,00025;;
7038;0,00025;;
7152;0,00025;;
7327;0,00025;;
7344;0,00025;;
7389;0,00025;;
7442;0,00025;;
8183;0,00025;;
8225;0,00025;;
8238;0,00025;;
3863;0,00025;;
8053;0,00024;;
306;0,00024;;
393;0,00024;;
415;0,00024;;
424;0,00024;;
428;0,00024;;
452;0,00024;;
1491;0,00024;;
1500;0,00024;;
1507;0,00024;;
3256;0,00024;;
3275;0,00024;;
3281;0,00024;;
3367;0,00024;;
3386;0,00024;;
3401;0,00024;;
3413;0,00024;;
3655;0,00024;;
4255;0,00024;;
4275;0,00024;;
4312;0,00024;;
4345;0,00024;;
4348;0,00024;;
4418;0,00024;;
4431;0,00024;;
4432;0,00024;;
4453;0,00024;;
4662;0,00024;;
4678;0,00024;;
4683;0,00024;;
4686;0,00024;;
4688;0,00024;;
4691;0,00024;;
4696;0,00024;;
7206;0,00024;;
174;0,00024;;
190;0,00024;;
209;0,00024;;
214;0,00024;;
241;0,00024;;
270;0,00024;;
1856;0,00024;;
3036;0,00024;;
3040;0,00024;;
3096;0,00024;;
3098;0,00024;;
3110;0,00024;;
3283;0,00024;;
3315;0,00024;;
3344;0,00024;;
3383;0,00024;;
3438;0,00024;;
4304;0,00024;;
1714;0,00024;;
3634;0,00024;;
3662;0,00024;;
1626;0,00023;;
3237;0,00023;;
3506;0,00023;;
7923;0,00023;;
7932;0,00023;;
1615;0,00023;;
1823;0,00023;;
1864;0,00023;;
2554;0,00023;;
3139;0,00023;;
3140;0,00023;;
3144;0,00023;;
3148;0,00023;;
3155;0,00023;;
3161;0,00023;;
3173;0,00023;;
3177;0,00023;;
3179;0,00023;;
3190;0,00023;;
3753;0,00023;;
6495;0,00023;;
7720;0,00023;;
7745;0,00023;;
8365;0,00023;;
8392;0,00023;;
8395;0,00023;;
8400;0,00023;;
8401;0,00023;;
473;0,00023;;
477;0,00023;;
489;0,00023;;
504;0,00023;;
538;0,00023;;
4675;0,00023;;
6045;0,00023;;
6512;0,00023;;
6527;0,00023;;
6535;0,00023;;
6557;0,00023;;
6569;0,00023;;
6588;0,00023;;
6883;0,00023;;
6907;0,00023;;
6945;0,00023;;
7017;0,00023;;
7030;0,00023;;
7081;0,00023;;
7158;0,00023;;
7245;0,00023;;
7337;0,00023;;
7354;0,00023;;
7399;0,00023;;
2920;0,00023;;
2934;0,00023;;
2984;0,00023;;
2985;0,00023;;
2990;0,00023;;
3011;0,00023;;
3737;0,00023;;
8051;0,00023;;
8544;0,00023;;
8606;0,00023;;
8634;0,00023;;
8657;0,00023;;
8664;0,00023;;
8713;0,00023;;
8726;0,00023;;
8814;0,00023;;
8825;0,00023;;
8848;0,00023;;
8859;0,00023;;
8874;0,00023;;
8888;0,00023;;
8899;0,00023;;
8905;0,00023;;
8912;0,00023;;
8927;0,00023;;
8941;0,00023;;
8952;0,00023;;
8959;0,00023;;
8972;0,00023;;
8985;0,00023;;
9082;0,00023;;
9144;0,00023;;
9180;0,00023;;
747;0,00022;;
9395;0,00022;;
3259;0,00022;;
3260;0,00022;;
3266;0,00022;;
3267;0,00022;;
3269;0,00022;;
3270;0,00022;;
3282;0,00022;;
3305;0,00022;;
3307;0,00022;;
3310;0,00022;;
3322;0,00022;;
3325;0,00022;;
3335;0,00022;;
3354;0,00022;;
3364;0,00022;;
3366;0,00022;;
3371;0,00022;;
3385;0,00022;;
3389;0,00022;;
3395;0,00022;;
3396;0,00022;;
3411;0,00022;;
3426;0,00022;;
3430;0,00022;;
3434;0,00022;;
3469;0,00022;;
3474;0,00022;;
4257;0,00022;;
4274;0,00022;;
4294;0,00022;;
4295;0,00022;;
4298;0,00022;;
4305;0,00022;;
4330;0,00022;;
4609;0,00022;;
4621;0,00022;;
4649;0,00022;;
4652;0,00022;;
8312;0,00022;;
8319;0,00022;;
1203;0,00022;;
1300;0,00022;;
1336;0,00022;;
1340;0,00022;;
1352;0,00022;;
1390;0,00022;;
1475;0,00022;;
2761;0,00022;;
4152;0,00022;;
4599;0,00022;;
6299;0,00022;;
6320;0,00022;;
6336;0,00022;;
6400;0,00022;;
6408;0,00022;;
713;0,00021;;
2774;0,00021;;
2849;0,00021;;
3184;0,00021;;
3215;0,00021;;
3239;0,00021;;
3539;0,00021;;
3540;0,00021;;
3550;0,00021;;
8060;0,00021;;
8112;0,00021;;
8342;0,00021;;
3642;0,00021;;
3665;0,00021;;
3670;0,00021;;
3707;0,00021;;
7648;0,00021;;
7653;0,00021;;
7657;0,00021;;
9203;0,00021;;
9213;0,00021;;
9234;0,00021;;
9283;0,00021;;
32;0,00021;;
178;0,00021;;
220;0,00021;;
249;0,00021;;
1478;0,00021;;
1529;0,00021;;
3598;0,00021;;
6306;0,0002;;
1202;0,0002;;
1245;0,0002;;
1466;0,0002;;
4629;0,0002;;
481;0,0002;;
496;0,0002;;
522;0,0002;;
6547;0,0002;;
6583;0,0002;;
6606;0,0002;;
1790;0,0002;;
1825;0,0002;;
1829;0,0002;;
1835;0,0002;;
1837;0,0002;;
3090;0,0002;;
6463;0,0002;;
6471;0,0002;;
7712;0,0002;;
7713;0,0002;;
7756;0,0002;;
7757;0,0002;;
7758;0,0002;;
7772;0,0002;;
7777;0,0002;;
712;0,0002;;
1120;0,0002;;
1141;0,0002;;
3581;0,0002;;
4820;0,0002;;
7400;0,0002;;
7591;0,0002;;
7603;0,0002;;
4685;0,00019;;
4693;0,00019;;
6884;0,00019;;
7159;0,00019;;
7945;0,00019;;
8186;0,00019;;
8009;0,00019;;
8010;0,00019;;
9391;0,00019;;
9406;0,00019;;
9413;0,00019;;
9418;0,00019;;
9421;0,00019;;
9508;0,00019;;
9606;0,00019;;
4208;0,00019;;
754;0,00018;;
766;0,00018;;
821;0,00018;;
861;0,00018;;
895;0,00018;;
965;0,00018;;
3403;0,00018;;
3408;0,00018;;
3420;0,00018;;
3478;0,00018;;
3861;0,00018;;
4664;0,00018;;
7632;0,00018;;
8029;0,00018;;
8039;0,00018;;
3640;0,00018;;
3855;0,00018;;
3857;0,00018;;
4374;0,00018;;
4601;0,00017;;
5470;0,00017;;
5471;0,00017;;
5472;0,00017;;
3874;0,00017;;
8016;0,00017;;
8033;0,00017;;
8049;0,00017;;
4215;0,00017;;
4220;0,00017;;
8161;0,00017;;
8163;0,00017;;
8173;0,00017;;
8174;0,00017;;
8241;0,00017;;
8246;0,00017;;
8274;0,00017;;
2101;0,00017;;
2420;0,00017;;
3566;0,00016;;
3571;0,00016;;
3573;0,00016;;
3575;0,00016;;
8030;0,00016;;
3172;0,00016;;
3201;0,00016;;
3203;0,00016;;
3216;0,00016;;
3230;0,00016;;
3833;0,00016;;
3837;0,00016;;
3839;0,00016;;
3840;0,00016;;
3911;0,00016;;
3949;0,00016;;
3961;0,00016;;
9447;0,00016;;
9455;0,00016;;
9469;0,00016;;
9568;0,00016;;
9575;0,00016;;
8204;0,00015;;
8315;0,00015;;
2275;0,00015;;
2307;0,00015;;
2646;0,00015;;
5559;0,00015;;
5605;0,00015;;
5621;0,00015;;
5683;0,00015;;
5702;0,00015;;
5704;0,00015;;
5719;0,00015;;
5806;0,00015;;
5807;0,00015;;
5822;0,00015;;
5980;0,00015;;
5990;0,00015;;
7740;0,00015;;
7744;0,00015;;
7760;0,00015;;
7762;0,00015;;
7765;0,00015;;
7768;0,00015;;
7773;0,00015;;
7797;0,00015;;
7799;0,00015;;
2430;0,00015;;
5278;0,00015;;
5314;0,00015;;
5318;0,00015;;
5325;0,00015;;
5410;0,00015;;
5459;0,00015;;
7814;0,00015;;
7829;0,00015;;
7848;0,00015;;
7865;0,00015;;
7868;0,00015;;
7879;0,00015;;
8169;0,00015;;
8254;0,00015;;
8314;0,00015;;
137;0,00014;;
751;0,00014;;
805;0,00014;;
825;0,00014;;
840;0,00014;;
841;0,00014;;
881;0,00014;;
956;0,00014;;
2044;0,00014;;
2091;0,00014;;
2092;0,00014;;
2096;0,00014;;
2104;0,00014;;
2116;0,00014;;
2142;0,00014;;
2168;0,00014;;
2363;0,00014;;
2369;0,00014;;
2488;0,00014;;
3873;0,00014;;
4226;0,00014;;
4251;0,00014;;
6617;0,00014;;
6796;0,00014;;
7735;0,00014;;
7743;0,00014;;
7753;0,00014;;
7781;0,00014;;
7783;0,00014;;
7786;0,00014;;
7787;0,00014;;
9530;0,00014;;
9538;0,00014;;
9564;0,00014;;
9600;0,00014;;
3588;0,00014;;
4848;0,00014;;
4864;0,00014;;
4917;0,00014;;
5019;0,00014;;
5023;0,00014;;
5025;0,00014;;
8331;0,00014;;
1715;0,00013;;
1719;0,00013;;
3946;0,00013;;
3982;0,00013;;
3998;0,00013;;
6751;0,00013;;
6763;0,00013;;
6802;0,00013;;
6979;0,00013;;
7189;0,00013;;
7196;0,00013;;
7203;0,00013;;
5503;0,00013;;
5541;0,00013;;
7656;0,00013;;
9355;0,00013;;
7477;0,00013;;
4480;0,00012;;
5710;0,00012;;
5856;0,00012;;
5868;0,00012;;
5912;0,00012;;
5913;0,00012;;
5914;0,00012;;
7613;0,00012;;
7616;0,00012;;
7663;0,00012;;
7681;0,00012;;
7687;0,00012;;
5557;0,00012;;
5568;0,00012;;
5603;0,00012;;
5659;0,00012;;
5666;0,00012;;
7952;0,00012;;
7961;0,00012;;
7963;0,00012;;
112;0,00012;;
983;0,00012;;
5216;0,00012;;
7662;0,00012;;
7669;0,00012;;
8056;0,00012;;
8104;0,00012;;
7810;0,00011;;
7811;0,00011;;
7821;0,00011;;
7840;0,00011;;
7871;0,00011;;
7880;0,00011;;
7881;0,00011;;
7886;0,00011;;
7891;0,00011;;
7902;0,00011;;
7927;0,00011;;
7934;0,00011;;
7944;0,00011;;
7951;0,00011;;
9356;0,00011;;
414;0,00011;;
416;0,00011;;
1734;0,00011;;
1880;0,00011;;
1959;0,00011;;
1962;0,00011;;
2245;0,00011;;
2253;0,00011;;
2256;0,00011;;
2288;0,00011;;
2310;0,00011;;
2314;0,00011;;
2546;0,00011;;
2641;0,00011;;
4042;0,00011;;
4955;0,00011;;
4975;0,00011;;
4982;0,00011;;
4983;0,00011;;
5022;0,00011;;
5257;0,00011;;
5333;0,00011;;
6615;0,00011;;
6624;0,00011;;
6651;0,00011;;
6706;0,00011;;
6712;0,00011;;
6716;0,00011;;
6720;0,00011;;
6729;0,00011;;
6739;0,00011;;
6812;0,00011;;
6834;0,00011;;
7173;0,00011;;
8443;0,00011;;
8452;0,00011;;
8467;0,00011;;
8474;0,00011;;
8511;0,00011;;
8512;0,00011;;
2325;0,0001;;
2010;0,0001;;
2032;0,0001;;
2085;0,0001;;
2097;0,0001;;
2106;0,0001;;
2118;0,0001;;
2153;0,0001;;
2185;0,0001;;
2187;0,0001;;
2214;0,0001;;
2231;0,0001;;
2353;0,0001;;
2400;0,0001;;
2481;0,0001;;
2492;0,0001;;
2556;0,0001;;
2563;0,0001;;
2577;0,0001;;
2606;0,0001;;
5941;0,0001;;
5966;0,0001;;
6885;0,0001;;
7143;0,0001;;
7191;0,0001;;
7192;0,0001;;
7194;0,0001;;
7201;0,0001;;
7207;0,0001;;
7931;0,0001;;
7955;0,0001;;
7973;0,0001;;
37;1E-04;;
714;1E-04;;
1031;1E-04;;
1350;1E-04;;
1686;1E-04;;
3061;1E-04;;
4031;1E-04;;
4866;1E-04;;
5097;1E-04;;
6790;1E-04;;
6882;1E-04;;
8047;1E-04;;
8983;1E-04;;
9461;1E-04;;
2943;9E-05;;
3020;9E-05;;
3878;9E-05;;
6048;9E-05;;
8296;9E-05;;
8373;9E-05;;
8383;9E-05;;
9396;9E-05;;
9399;9E-05;;
9435;9E-05;;
9450;9E-05;;
9506;9E-05;;
9559;9E-05;;
9607;9E-05;;
9608;9E-05;;
9609;9E-05;;
1667;9E-05;;
4514;9E-05;;
6792;9E-05;;
6799;9E-05;;
6801;9E-05;;
6152;8E-05;;
6157;8E-05;;
6168;8E-05;;
6217;8E-05;;
6236;8E-05;;
6260;8E-05;;
6267;8E-05;;
6275;8E-05;;
6278;8E-05;;
6312;8E-05;;
6314;8E-05;;
6378;8E-05;;
7985;8E-05;;
8005;8E-05;;
3832;8E-05;;
3849;8E-05;;
3867;8E-05;;
3986;8E-05;;
3989;8E-05;;
6646;8E-05;;
6655;8E-05;;
6691;8E-05;;
6819;8E-05;;
6828;8E-05;;
6831;8E-05;;
6840;8E-05;;
7977;8E-05;;
8002;8E-05;;
9446;8E-05;;
9456;8E-05;;
304;8E-05;;
397;8E-05;;
401;8E-05;;
8610;8E-05;;
8613;8E-05;;
8615;8E-05;;
8661;8E-05;;
8662;8E-05;;
8663;8E-05;;
8665;8E-05;;
8688;8E-05;;
8709;8E-05;;
8931;8E-05;;
8973;8E-05;;
9014;8E-05;;
9019;8E-05;;
9045;8E-05;;
9059;8E-05;;
9134;8E-05;;
9148;8E-05;;
9153;8E-05;;
1716;7E-05;;
2782;7E-05;;
2807;7E-05;;
2822;7E-05;;
3451;7E-05;;
806;7E-05;;
1165;7E-05;;
1232;7E-05;;
1236;7E-05;;
1238;7E-05;;
1307;7E-05;;
1464;7E-05;;
4102;7E-05;;
4146;7E-05;;
4155;7E-05;;
4165;7E-05;;
4167;7E-05;;
4170;7E-05;;
4224;7E-05;;
4237;7E-05;;
4238;7E-05;;
4248;7E-05;;
8027;7E-05;;
9561;7E-05;;
9562;7E-05;;
232;7E-05;;
265;7E-05;;
816;7E-05;;
838;7E-05;;
858;7E-05;;
889;7E-05;;
894;7E-05;;
896;7E-05;;
898;7E-05;;
909;7E-05;;
8436;7E-05;;
8470;7E-05;;
4111;6E-05;;
4123;6E-05;;
4172;6E-05;;
4223;6E-05;;
4234;6E-05;;
4236;6E-05;;
7703;6E-05;;
7782;6E-05;;
755;6E-05;;
757;6E-05;;
786;6E-05;;
810;6E-05;;
815;6E-05;;
859;6E-05;;
868;6E-05;;
875;6E-05;;
1796;6E-05;;
1822;6E-05;;
1830;6E-05;;
1865;6E-05;;
1874;6E-05;;
1931;6E-05;;
2236;6E-05;;
2291;6E-05;;
2634;6E-05;;
3513;6E-05;;
3585;6E-05;;
3596;6E-05;;
5741;6E-05;;
5758;6E-05;;
5775;6E-05;;
5811;6E-05;;
5851;6E-05;;
5860;6E-05;;
5861;6E-05;;
5865;6E-05;;
5870;6E-05;;
6462;6E-05;;
6475;6E-05;;
9401;6E-05;;
9439;6E-05;;
9442;6E-05;;
9532;6E-05;;
9548;6E-05;;
9594;6E-05;;
928;6E-05;;
5464;6E-05;;
5466;6E-05;;
5582;6E-05;;
5602;6E-05;;
5612;6E-05;;
5623;6E-05;;
5650;6E-05;;
5688;6E-05;;
5689;6E-05;;
9279;6E-05;;
9282;6E-05;;
9284;6E-05;;
9338;6E-05;;
9341;6E-05;;
9345;6E-05;;
7644;5E-05;;
7655;5E-05;;
2912;5E-05;;
2939;5E-05;;
2950;5E-05;;
2966;5E-05;;
2968;5E-05;;
2996;5E-05;;
4083;5E-05;;
4481;5E-05;;
4930;5E-05;;
4961;5E-05;;
4977;5E-05;;
5818;5E-05;;
5823;5E-05;;
5832;5E-05;;
5863;5E-05;;
5874;5E-05;;
6075;5E-05;;
6487;5E-05;;
6556;5E-05;;
6604;5E-05;;
7828;5E-05;;
7838;5E-05;;
7842;5E-05;;
7860;5E-05;;
7869;5E-05;;
7883;5E-05;;
7889;5E-05;;
7890;5E-05;;
7906;5E-05;;
9384;5E-05;;
9387;5E-05;;
1995;4E-05;;
2018;4E-05;;
2081;4E-05;;
2086;4E-05;;
2138;4E-05;;
2154;4E-05;;
2180;4E-05;;
2181;4E-05;;
2268;4E-05;;
2301;4E-05;;
2450;4E-05;;
2503;4E-05;;
2534;4E-05;;
3065;4E-05;;
3087;4E-05;;
4868;4E-05;;
4992;4E-05;;
5024;4E-05;;
5571;4E-05;;
5584;4E-05;;
5642;4E-05;;
5684;4E-05;;
5692;4E-05;;
5716;4E-05;;
5735;4E-05;;
5843;4E-05;;
5864;4E-05;;
5916;4E-05;;
5919;4E-05;;
5920;4E-05;;
5921;4E-05;;
6096;4E-05;;
6122;4E-05;;
6141;4E-05;;
6147;4E-05;;
6161;4E-05;;
6170;4E-05;;
6210;4E-05;;
6214;4E-05;;
6272;4E-05;;
6277;4E-05;;
6285;4E-05;;
6311;4E-05;;
6327;4E-05;;
7020;4E-05;;
7176;4E-05;;
7214;4E-05;;
7386;4E-05;;
7395;4E-05;;
7449;4E-05;;
7459;4E-05;;
7461;4E-05;;
7922;4E-05;;
7925;4E-05;;
45;4E-05;;
5238;4E-05;;
5243;4E-05;;
5251;4E-05;;
5275;4E-05;;
5310;4E-05;;
5511;4E-05;;
8558;4E-05;;
8608;4E-05;;
8624;4E-05;;
8641;4E-05;;
8649;4E-05;;
8696;4E-05;;
8727;4E-05;;
8729;4E-05;;
8740;4E-05;;
8753;4E-05;;
8763;4E-05;;
8765;4E-05;;
8795;4E-05;;
8804;4E-05;;
8844;4E-05;;
8893;4E-05;;
8922;4E-05;;
8963;4E-05;;
8980;4E-05;;
9036;4E-05;;
9064;4E-05;;
9086;4E-05;;
9095;4E-05;;
9103;4E-05;;
9107;4E-05;;
9137;4E-05;;
9175;4E-05;;
2706;4E-05;;
3609;4E-05;;
4974;4E-05;;
5003;4E-05;;
5016;4E-05;;
7195;4E-05;;
7802;4E-05;;
1898;3E-05;;
1928;3E-05;;
1952;3E-05;;
2240;3E-05;;
2327;3E-05;;
6940;3E-05;;
7822;3E-05;;
7870;3E-05;;
7872;3E-05;;
7893;3E-05;;
7919;3E-05;;
221;3E-05;;
250;3E-05;;
2766;3E-05;;
2772;3E-05;;
2805;3E-05;;
2830;3E-05;;
3257;3E-05;;
3318;3E-05;;
3331;3E-05;;
3333;3E-05;;
3357;3E-05;;
3365;3E-05;;
3373;3E-05;;
3387;3E-05;;
3397;3E-05;;
3453;3E-05;;
5593;3E-05;;
5626;3E-05;;
5627;3E-05;;
5635;3E-05;;
5644;3E-05;;
5649;3E-05;;
5665;3E-05;;
5673;3E-05;;
5981;3E-05;;
5988;3E-05;;
5994;3E-05;;
6752;3E-05;;
1207;3E-05;;
1220;3E-05;;
1224;3E-05;;
1229;3E-05;;
1338;3E-05;;
1359;3E-05;;
5258;3E-05;;
7742;3E-05;;
7764;3E-05;;
7809;3E-05;;
7837;3E-05;;
7845;3E-05;;
7856;3E-05;;
7877;3E-05;;
7895;3E-05;;
7911;3E-05;;
4670;3E-05;;
4676;3E-05;;
4677;3E-05;;
1809;2E-05;;
1820;2E-05;;
1834;2E-05;;
2012;2E-05;;
2017;2E-05;;
2058;2E-05;;
2079;2E-05;;
2083;2E-05;;
2135;2E-05;;
2169;2E-05;;
2172;2E-05;;
2194;2E-05;;
2470;2E-05;;
2498;2E-05;;
2507;2E-05;;
2524;2E-05;;
2549;2E-05;;
2566;2E-05;;
2618;2E-05;;
3516;2E-05;;
3524;2E-05;;
3536;2E-05;;
4611;2E-05;;
4659;2E-05;;
4663;2E-05;;
5263;2E-05;;
5300;2E-05;;
6639;2E-05;;
6664;2E-05;;
6692;2E-05;;
6705;2E-05;;
6741;2E-05;;
91;2E-05;;
1990;2E-05;;
2024;2E-05;;
2095;2E-05;;
2114;2E-05;;
2202;2E-05;;
2390;2E-05;;
2517;2E-05;;
5931;2E-05;;
5971;2E-05;;
5998;2E-05;;
6021;2E-05;;
6026;2E-05;;
8147;2E-05;;
9249;2E-05;;
9256;2E-05;;
9280;2E-05;;
9281;2E-05;;
9344;2E-05;;
814;2E-05;;
4169;1E-05;;
4385;1E-05;;
4436;1E-05;;
4457;1E-05;;
295;1E-05;;
408;1E-05;;
435;1E-05;;
445;1E-05;;
3741;1E-05;;
6762;1E-05;;
6767;1E-05;;
6783;1E-05;;
6795;1E-05;;
8046;1E-05;;
83;1E-05;;
96;1E-05;;
1468;1E-05;;
4552;1E-05;;
9459;1E-05;;
9462;1E-05;;